2026-03-09 02:00:20.639 [HikariPool-1:housekeeper] WARN  com.zaxxer.hikari.pool.HikariPool - HikariPool-1 - Thread starvation or clock leap detected (housekeeper delta=2h52m32s259ms770µs300ns).
2026-03-09 02:00:21.207 [HikariPool-1:housekeeper] WARN  com.zaxxer.hikari.pool.PoolBase - HikariPool-1 - Failed to validate connection org.postgresql.jdbc.PgConnection@3f170113 (This connection has been closed.). Possibly consider using a shorter maxLifetime value.
2026-03-09 02:00:21.314 [HikariPool-1:housekeeper] WARN  com.zaxxer.hikari.pool.PoolBase - HikariPool-1 - Failed to validate connection org.postgresql.jdbc.PgConnection@38467740 (This connection has been closed.). Possibly consider using a shorter maxLifetime value.
2026-03-09 02:00:21.315 [HikariPool-1:housekeeper] WARN  com.zaxxer.hikari.pool.PoolBase - HikariPool-1 - Failed to validate connection org.postgresql.jdbc.PgConnection@2d4b4577 (This connection has been closed.). Possibly consider using a shorter maxLifetime value.
2026-03-09 02:00:21.316 [HikariPool-1:housekeeper] WARN  com.zaxxer.hikari.pool.PoolBase - HikariPool-1 - Failed to validate connection org.postgresql.jdbc.PgConnection@2ad3d654 (This connection has been closed.). Possibly consider using a shorter maxLifetime value.
2026-03-09 02:00:21.317 [HikariPool-1:housekeeper] WARN  com.zaxxer.hikari.pool.PoolBase - HikariPool-1 - Failed to validate connection org.postgresql.jdbc.PgConnection@4525effb (This connection has been closed.). Possibly consider using a shorter maxLifetime value.
2026-03-09 05:01:01.894 [HikariPool-1:connection-adder] WARN  com.zaxxer.hikari.pool.PoolBase - HikariPool-1 - Pool is empty, failed to create/setup connection (c1853050-041a-4d69-9f72-74b1d4d52242)
org.postgresql.util.PSQLException: 尝试连线已失败。
	at org.postgresql.core.v3.ConnectionFactoryImpl.openConnectionImpl(ConnectionFactoryImpl.java:385)
	at org.postgresql.core.ConnectionFactory.openConnection(ConnectionFactory.java:57)
	at org.postgresql.jdbc.PgConnection.<init>(PgConnection.java:279)
	at org.postgresql.Driver.makeConnection(Driver.java:448)
	at org.postgresql.Driver.connect(Driver.java:298)
	at com.zaxxer.hikari.util.DriverDataSource.getConnection(DriverDataSource.java:144)
	at com.zaxxer.hikari.pool.PoolBase.newConnection(PoolBase.java:373)
	at com.zaxxer.hikari.pool.PoolBase.newPoolEntry(PoolBase.java:210)
	at com.zaxxer.hikari.pool.HikariPool.createPoolEntry(HikariPool.java:488)
	at com.zaxxer.hikari.pool.HikariPool$PoolEntryCreator.call(HikariPool.java:752)
	at com.zaxxer.hikari.pool.HikariPool$PoolEntryCreator.call(HikariPool.java:731)
	at java.base/java.util.concurrent.FutureTask.run(FutureTask.java:328)
	at java.base/java.util.concurrent.ThreadPoolExecutor.runWorker(ThreadPoolExecutor.java:1090)
	at java.base/java.util.concurrent.ThreadPoolExecutor$Worker.run(ThreadPoolExecutor.java:614)
	at java.base/java.lang.Thread.run(Thread.java:1474)
Caused by: java.net.UnknownHostException: young143.top
	at java.base/sun.nio.ch.NioSocketImpl.connect(NioSocketImpl.java:569)
	at java.base/java.net.SocksSocketImpl.connect(SocksSocketImpl.java:284)
	at java.base/java.net.Socket.connect(Socket.java:659)
	at org.postgresql.core.PGStream.createSocket(PGStream.java:261)
	at org.postgresql.core.PGStream.<init>(PGStream.java:122)
	at org.postgresql.core.v3.ConnectionFactoryImpl.tryConnect(ConnectionFactoryImpl.java:146)
	at org.postgresql.core.v3.ConnectionFactoryImpl.openConnectionImpl(ConnectionFactoryImpl.java:289)
	... 14 common frames omitted
2026-03-09 08:00:23.622 [HikariPool-1:housekeeper] WARN  com.zaxxer.hikari.pool.HikariPool - HikariPool-1 - Thread starvation or clock leap detected (housekeeper delta=6h2s983ms67µs300ns).
2026-03-09 08:00:29.659 [tomcat-handler-321] DEBUG org.hibernate.SQL - select d1_0.doc_id,d1_0.doc_name,d1_0.icon,d1_0.summary from doc d1_0 where d1_0.doc_id=?
2026-03-09 08:00:29.659 [tomcat-handler-322] DEBUG org.hibernate.SQL - select dc1_0.chapter_id,dc1_0.doc_id,dc1_0.content,dc1_0.name from doc_contents dc1_0 where (dc1_0.chapter_id,dc1_0.doc_id) in ((?,?))
2026-03-09 08:00:29.729 [tomcat-handler-321] DEBUG org.hibernate.SQL - select dc1_0.chapter_id,dc1_0.doc_id,dc1_0.content,dc1_0.name from doc_contents dc1_0 where dc1_0.doc_id=?
2026-03-09 08:00:29.750 [tomcat-handler-324] DEBUG org.hibernate.SQL - select dc1_0.chapter_id,dc1_0.doc_id,dc1_0.content,dc1_0.name from doc_contents dc1_0 where (dc1_0.chapter_id,dc1_0.doc_id) in ((?,?))
2026-03-09 08:00:29.755 [tomcat-handler-325] DEBUG org.hibernate.SQL - select u1_0.u_id,u1_0.avatar,u1_0.email,u1_0.name,u1_0.password from users u1_0 where u1_0.name=?
2026-03-09 08:00:29.827 [tomcat-handler-325] DEBUG c.e.zcwl.controller.CodeController - 获取简易前端项目 sf_57db39fa1bcc 的信息
2026-03-09 08:00:29.827 [tomcat-handler-325] DEBUG c.e.z.s.i.SimpleFrontendProjectServiceImpl - 获取简易前端项目 sf_57db39fa1bcc 的信息
2026-03-09 08:00:29.828 [tomcat-handler-325] DEBUG org.hibernate.SQL - select sfp1_0.id,sfp1_0.created_at,sfp1_0.css,sfp1_0.html,sfp1_0.javascript,sfp1_0.project_name,sfp1_0.sf_id,sfp1_0.updated_at,sfp1_0.u_id from simple_frontend_projects sfp1_0 where sfp1_0.sf_id=?
2026-03-09 08:00:29.832 [tomcat-handler-326] DEBUG org.hibernate.SQL - select d1_0.doc_id,d1_0.doc_name,d1_0.icon,d1_0.summary from doc d1_0 where d1_0.doc_id=?
2026-03-09 08:00:29.905 [tomcat-handler-327] DEBUG org.hibernate.SQL - select u1_0.u_id,u1_0.avatar,u1_0.email,u1_0.name,u1_0.password from users u1_0 where u1_0.name=?
2026-03-09 08:00:29.907 [tomcat-handler-326] DEBUG org.hibernate.SQL - select dc1_0.chapter_id,dc1_0.doc_id,dc1_0.content,dc1_0.name from doc_contents dc1_0 where dc1_0.doc_id=?
2026-03-09 08:00:29.944 [tomcat-handler-327] DEBUG c.e.zcwl.controller.CodeController - 获取简易前端项目 sf_57db39fa1bcc 的信息
2026-03-09 08:00:29.944 [tomcat-handler-327] DEBUG c.e.z.s.i.SimpleFrontendProjectServiceImpl - 获取简易前端项目 sf_57db39fa1bcc 的信息
2026-03-09 08:00:29.945 [tomcat-handler-327] DEBUG org.hibernate.SQL - select sfp1_0.id,sfp1_0.created_at,sfp1_0.css,sfp1_0.html,sfp1_0.javascript,sfp1_0.project_name,sfp1_0.sf_id,sfp1_0.updated_at,sfp1_0.u_id from simple_frontend_projects sfp1_0 where sfp1_0.sf_id=?
2026-03-09 08:00:33.471 [tomcat-handler-328] DEBUG org.hibernate.SQL - select u1_0.u_id,u1_0.avatar,u1_0.email,u1_0.name,u1_0.password from users u1_0 where u1_0.name=?
2026-03-09 08:00:33.535 [tomcat-handler-328] DEBUG c.e.zcwl.controller.CodeController - 获取简易前端项目 sf_57db39fa1bcc 的信息
2026-03-09 08:00:33.536 [tomcat-handler-328] DEBUG c.e.z.s.i.SimpleFrontendProjectServiceImpl - 获取简易前端项目 sf_57db39fa1bcc 的信息
2026-03-09 08:00:33.536 [tomcat-handler-328] DEBUG org.hibernate.SQL - select sfp1_0.id,sfp1_0.created_at,sfp1_0.css,sfp1_0.html,sfp1_0.javascript,sfp1_0.project_name,sfp1_0.sf_id,sfp1_0.updated_at,sfp1_0.u_id from simple_frontend_projects sfp1_0 where sfp1_0.sf_id=?
2026-03-09 08:00:33.606 [tomcat-handler-329] DEBUG org.hibernate.SQL - select u1_0.u_id,u1_0.avatar,u1_0.email,u1_0.name,u1_0.password from users u1_0 where u1_0.name=?
2026-03-09 08:00:33.641 [tomcat-handler-329] DEBUG c.e.zcwl.controller.CodeController - 获取简易前端项目 sf_57db39fa1bcc 的信息
2026-03-09 08:00:33.641 [tomcat-handler-329] DEBUG c.e.z.s.i.SimpleFrontendProjectServiceImpl - 获取简易前端项目 sf_57db39fa1bcc 的信息
2026-03-09 08:00:33.642 [tomcat-handler-329] DEBUG org.hibernate.SQL - select sfp1_0.id,sfp1_0.created_at,sfp1_0.css,sfp1_0.html,sfp1_0.javascript,sfp1_0.project_name,sfp1_0.sf_id,sfp1_0.updated_at,sfp1_0.u_id from simple_frontend_projects sfp1_0 where sfp1_0.sf_id=?
2026-03-09 08:00:34.839 [tomcat-handler-332] DEBUG org.hibernate.SQL - select d1_0.doc_id,d1_0.doc_name,d1_0.icon,d1_0.summary from doc d1_0 where d1_0.doc_id=?
2026-03-09 08:00:34.843 [tomcat-handler-333] DEBUG org.hibernate.SQL - select dc1_0.chapter_id,dc1_0.doc_id,dc1_0.content,dc1_0.name from doc_contents dc1_0 where (dc1_0.chapter_id,dc1_0.doc_id) in ((?,?))
2026-03-09 08:00:34.902 [tomcat-handler-332] DEBUG org.hibernate.SQL - select dc1_0.chapter_id,dc1_0.doc_id,dc1_0.content,dc1_0.name from doc_contents dc1_0 where dc1_0.doc_id=?
2026-03-09 08:00:34.913 [tomcat-handler-334] DEBUG org.hibernate.SQL - select dc1_0.chapter_id,dc1_0.doc_id,dc1_0.content,dc1_0.name from doc_contents dc1_0 where (dc1_0.chapter_id,dc1_0.doc_id) in ((?,?))
2026-03-09 08:00:35.003 [tomcat-handler-335] DEBUG org.hibernate.SQL - select d1_0.doc_id,d1_0.doc_name,d1_0.icon,d1_0.summary from doc d1_0 where d1_0.doc_id=?
2026-03-09 08:00:35.065 [tomcat-handler-335] DEBUG org.hibernate.SQL - select dc1_0.chapter_id,dc1_0.doc_id,dc1_0.content,dc1_0.name from doc_contents dc1_0 where dc1_0.doc_id=?
2026-03-09 08:09:02.864 [tomcat-handler-341] DEBUG org.hibernate.SQL - select d1_0.doc_id,d1_0.doc_name,d1_0.icon,d1_0.summary from doc d1_0 where d1_0.doc_id=?
2026-03-09 08:09:02.867 [tomcat-handler-342] DEBUG org.hibernate.SQL - select dc1_0.chapter_id,dc1_0.doc_id,dc1_0.content,dc1_0.name from doc_contents dc1_0 where (dc1_0.chapter_id,dc1_0.doc_id) in ((?,?))
2026-03-09 08:09:02.934 [tomcat-handler-341] DEBUG org.hibernate.SQL - select dc1_0.chapter_id,dc1_0.doc_id,dc1_0.content,dc1_0.name from doc_contents dc1_0 where dc1_0.doc_id=?
2026-03-09 08:09:02.946 [tomcat-handler-343] DEBUG org.hibernate.SQL - select dc1_0.chapter_id,dc1_0.doc_id,dc1_0.content,dc1_0.name from doc_contents dc1_0 where (dc1_0.chapter_id,dc1_0.doc_id) in ((?,?))
2026-03-09 08:09:03.011 [tomcat-handler-345] DEBUG org.hibernate.SQL - select u1_0.u_id,u1_0.avatar,u1_0.email,u1_0.name,u1_0.password from users u1_0 where u1_0.name=?
2026-03-09 08:09:03.043 [tomcat-handler-346] DEBUG org.hibernate.SQL - select d1_0.doc_id,d1_0.doc_name,d1_0.icon,d1_0.summary from doc d1_0 where d1_0.doc_id=?
2026-03-09 08:09:03.093 [tomcat-handler-345] DEBUG c.e.zcwl.controller.CodeController - 获取简易前端项目 sf_57db39fa1bcc 的信息
2026-03-09 08:09:03.093 [tomcat-handler-345] DEBUG c.e.z.s.i.SimpleFrontendProjectServiceImpl - 获取简易前端项目 sf_57db39fa1bcc 的信息
2026-03-09 08:09:03.094 [tomcat-handler-345] DEBUG org.hibernate.SQL - select sfp1_0.id,sfp1_0.created_at,sfp1_0.css,sfp1_0.html,sfp1_0.javascript,sfp1_0.project_name,sfp1_0.sf_id,sfp1_0.updated_at,sfp1_0.u_id from simple_frontend_projects sfp1_0 where sfp1_0.sf_id=?
2026-03-09 08:09:03.113 [tomcat-handler-346] DEBUG org.hibernate.SQL - select dc1_0.chapter_id,dc1_0.doc_id,dc1_0.content,dc1_0.name from doc_contents dc1_0 where dc1_0.doc_id=?
2026-03-09 08:09:03.176 [tomcat-handler-347] DEBUG org.hibernate.SQL - select u1_0.u_id,u1_0.avatar,u1_0.email,u1_0.name,u1_0.password from users u1_0 where u1_0.name=?
2026-03-09 08:09:03.213 [tomcat-handler-347] DEBUG c.e.zcwl.controller.CodeController - 获取简易前端项目 sf_57db39fa1bcc 的信息
2026-03-09 08:09:03.213 [tomcat-handler-347] DEBUG c.e.z.s.i.SimpleFrontendProjectServiceImpl - 获取简易前端项目 sf_57db39fa1bcc 的信息
2026-03-09 08:09:03.214 [tomcat-handler-347] DEBUG org.hibernate.SQL - select sfp1_0.id,sfp1_0.created_at,sfp1_0.css,sfp1_0.html,sfp1_0.javascript,sfp1_0.project_name,sfp1_0.sf_id,sfp1_0.updated_at,sfp1_0.u_id from simple_frontend_projects sfp1_0 where sfp1_0.sf_id=?
2026-03-09 08:09:04.265 [HikariPool-1:housekeeper] WARN  com.zaxxer.hikari.pool.HikariPool - HikariPool-1 - Thread starvation or clock leap detected (housekeeper delta=3m10s632ms764µs500ns).
2026-03-09 08:12:17.894 [SpringApplicationShutdownHook] INFO  o.s.boot.tomcat.GracefulShutdown - Commencing graceful shutdown. Waiting for active requests to complete
2026-03-09 08:12:17.901 [tomcat-shutdown] INFO  o.s.boot.tomcat.GracefulShutdown - Graceful shutdown complete
2026-03-09 08:12:17.944 [SpringApplicationShutdownHook] INFO  o.s.o.j.LocalContainerEntityManagerFactoryBean - Closing JPA EntityManagerFactory for persistence unit 'default'
2026-03-09 08:12:17.947 [SpringApplicationShutdownHook] INFO  com.zaxxer.hikari.HikariDataSource - HikariPool-1 - Shutdown initiated...
2026-03-09 08:12:17.950 [SpringApplicationShutdownHook] INFO  com.zaxxer.hikari.HikariDataSource - HikariPool-1 - Shutdown completed.
2026-03-09 08:12:24.277 [main] INFO  com.example.zcwl.ZcwlApplication - Starting ZcwlApplication using Java 25.0.1 with PID 23956 (C:\Users\Young143\Desktop\大创\code\ZCWL_back_end\target\classes started by Young143 in C:\Users\Young143\Desktop\大创\code\ZCWL_back_end)
2026-03-09 08:12:24.281 [main] INFO  com.example.zcwl.ZcwlApplication - No active profile set, falling back to 1 default profile: "default"
2026-03-09 08:12:26.024 [main] INFO  o.s.d.r.c.RepositoryConfigurationDelegate - Multiple Spring Data modules found, entering strict repository configuration mode
2026-03-09 08:12:26.027 [main] INFO  o.s.d.r.c.RepositoryConfigurationDelegate - Bootstrapping Spring Data JPA repositories in DEFAULT mode.
2026-03-09 08:12:26.328 [main] INFO  o.s.d.r.c.RepositoryConfigurationDelegate - Finished Spring Data repository scanning in 287 ms. Found 12 JPA repository interfaces.
2026-03-09 08:12:28.362 [main] INFO  o.s.boot.tomcat.TomcatWebServer - Tomcat initialized with port 8080 (http)
2026-03-09 08:12:28.384 [main] INFO  o.a.catalina.core.StandardService - Starting service [Tomcat]
2026-03-09 08:12:28.384 [main] INFO  o.a.catalina.core.StandardEngine - Starting Servlet engine: [Apache Tomcat/11.0.18]
2026-03-09 08:12:28.500 [main] INFO  o.s.b.w.c.s.WebApplicationContextInitializer - Root WebApplicationContext: initialization completed in 4136 ms
2026-03-09 08:12:29.156 [main] INFO  org.hibernate.orm.jpa - HHH008540: Processing PersistenceUnitInfo [name: default]
2026-03-09 08:12:29.249 [main] INFO  org.hibernate.orm.core - HHH000001: Hibernate ORM core version 7.2.0.Final
2026-03-09 08:12:29.995 [main] INFO  o.s.o.j.p.SpringPersistenceUnitInfo - No LoadTimeWeaver setup: ignoring JPA class transformer
2026-03-09 08:12:30.045 [main] INFO  com.zaxxer.hikari.HikariDataSource - HikariPool-1 - Starting...
2026-03-09 08:12:30.988 [main] INFO  com.zaxxer.hikari.pool.HikariPool - HikariPool-1 - Added connection org.postgresql.jdbc.PgConnection@3bf4b018
2026-03-09 08:12:30.991 [main] INFO  com.zaxxer.hikari.HikariDataSource - HikariPool-1 - Start completed.
2026-03-09 08:12:31.523 [main] INFO  o.hibernate.orm.connections.pooling - HHH10001005: Database info:
	Database JDBC URL [jdbc:postgresql://young143.top:5432/zcwl]
	Database driver: PostgreSQL JDBC Driver
	Database dialect: PostgreSQLDialect
	Database version: 16.11
	Default catalog/schema: zcwl/public
	Autocommit mode: undefined/unknown
	Isolation level: READ_COMMITTED [default READ_COMMITTED]
	JDBC fetch size: none
	Pool: DataSourceConnectionProvider
	Minimum pool size: undefined/unknown
	Maximum pool size: undefined/unknown
2026-03-09 08:12:34.149 [main] INFO  org.hibernate.orm.core - HHH000489: No JTA platform available (set 'hibernate.transaction.jta.platform' to enable JTA platform integration)
2026-03-09 08:12:34.712 [main] INFO  o.s.o.j.LocalContainerEntityManagerFactoryBean - Initialized JPA EntityManagerFactory for persistence unit 'default'
2026-03-09 08:12:34.980 [main] INFO  o.s.d.j.r.q.QueryEnhancerFactories - Hibernate is in classpath; If applicable, HQL parser will be used.
2026-03-09 08:12:37.905 [main] INFO  o.s.boot.tomcat.TomcatWebServer - Tomcat started on port 8080 (http) with context path '/'
2026-03-09 08:12:38.635 [main] INFO  o.s.b.a.e.web.EndpointLinksResolver - Exposing 3 endpoints beneath base path '/actuator'
2026-03-09 08:12:38.664 [main] INFO  com.example.zcwl.ZcwlApplication - Started ZcwlApplication in 15.171 seconds (process running for 15.941)
2026-03-09 08:12:47.536 [tomcat-handler-1] INFO  o.a.c.c.C.[Tomcat].[localhost].[/] - Initializing Spring DispatcherServlet 'dispatcherServlet'
2026-03-09 08:12:47.537 [tomcat-handler-1] INFO  o.s.web.servlet.DispatcherServlet - Initializing Servlet 'dispatcherServlet'
2026-03-09 08:12:47.828 [tomcat-handler-1] INFO  o.s.web.servlet.DispatcherServlet - Completed initialization in 291 ms
2026-03-09 08:12:48.004 [tomcat-handler-0] INFO  o.s.s.c.a.a.c.InitializeAuthenticationProviderBeanManagerConfigurer$InitializeAuthenticationProviderManagerConfigurer - Global AuthenticationManager configured with AuthenticationProvider bean with name authenticationProvider
2026-03-09 08:12:48.800 [tomcat-handler-2] DEBUG org.hibernate.SQL - select d1_0.doc_id,d1_0.doc_name,d1_0.icon,d1_0.summary from doc d1_0
2026-03-09 08:12:49.001 [tomcat-handler-3] DEBUG org.hibernate.SQL - select d1_0.doc_id,d1_0.doc_name,d1_0.icon,d1_0.summary from doc d1_0
2026-03-09 08:12:50.704 [tomcat-handler-6] DEBUG org.hibernate.SQL - select d1_0.doc_id,d1_0.doc_name,d1_0.icon,d1_0.summary from doc d1_0 where d1_0.doc_id=?
2026-03-09 08:12:50.876 [tomcat-handler-6] DEBUG org.hibernate.SQL - select dc1_0.chapter_id,dc1_0.doc_id,dc1_0.content,dc1_0.name from doc_contents dc1_0 where dc1_0.doc_id=?
2026-03-09 08:12:51.083 [tomcat-handler-7] DEBUG org.hibernate.SQL - select d1_0.doc_id,d1_0.doc_name,d1_0.icon,d1_0.summary from doc d1_0 where d1_0.doc_id=?
2026-03-09 08:12:51.165 [tomcat-handler-7] DEBUG org.hibernate.SQL - select dc1_0.chapter_id,dc1_0.doc_id,dc1_0.content,dc1_0.name from doc_contents dc1_0 where dc1_0.doc_id=?
2026-03-09 08:12:55.040 [tomcat-handler-8] DEBUG org.hibernate.SQL - select d1_0.doc_id,d1_0.doc_name,d1_0.icon,d1_0.summary from doc d1_0 where d1_0.doc_id=?
2026-03-09 08:12:55.040 [tomcat-handler-11] DEBUG org.hibernate.SQL - select dc1_0.chapter_id,dc1_0.doc_id,dc1_0.content,dc1_0.name from doc_contents dc1_0 where (dc1_0.chapter_id,dc1_0.doc_id) in ((?,?))
2026-03-09 08:12:55.124 [tomcat-handler-8] DEBUG org.hibernate.SQL - select dc1_0.chapter_id,dc1_0.doc_id,dc1_0.content,dc1_0.name from doc_contents dc1_0 where dc1_0.doc_id=?
2026-03-09 08:12:55.153 [tomcat-handler-12] DEBUG org.hibernate.SQL - select dc1_0.chapter_id,dc1_0.doc_id,dc1_0.content,dc1_0.name from doc_contents dc1_0 where (dc1_0.chapter_id,dc1_0.doc_id) in ((?,?))
2026-03-09 08:12:55.297 [tomcat-handler-13] DEBUG org.hibernate.SQL - select d1_0.doc_id,d1_0.doc_name,d1_0.icon,d1_0.summary from doc d1_0 where d1_0.doc_id=?
2026-03-09 08:12:55.379 [tomcat-handler-13] DEBUG org.hibernate.SQL - select dc1_0.chapter_id,dc1_0.doc_id,dc1_0.content,dc1_0.name from doc_contents dc1_0 where dc1_0.doc_id=?
2026-03-09 08:13:08.857 [tomcat-handler-15] DEBUG org.hibernate.SQL - select u1_0.u_id,u1_0.avatar,u1_0.email,u1_0.name,u1_0.password from users u1_0 where u1_0.name=?
2026-03-09 08:13:26.311 [tomcat-handler-17] DEBUG org.hibernate.SQL - select u1_0.u_id,u1_0.avatar,u1_0.email,u1_0.name,u1_0.password from users u1_0 where u1_0.name=?
2026-03-09 08:13:59.266 [tomcat-handler-20] DEBUG org.hibernate.SQL - select u1_0.u_id,u1_0.avatar,u1_0.email,u1_0.name,u1_0.password from users u1_0 where u1_0.name=?
2026-03-09 08:16:31.335 [tomcat-handler-22] DEBUG org.hibernate.SQL - select u1_0.u_id,u1_0.avatar,u1_0.email,u1_0.name,u1_0.password from users u1_0 where u1_0.u_id=?
2026-03-09 08:16:31.422 [tomcat-handler-22] DEBUG org.hibernate.SQL - select u1_0.u_id,u1_0.avatar,u1_0.email,u1_0.name,u1_0.password from users u1_0 where u1_0.name=?
2026-03-09 08:16:42.514 [tomcat-handler-24] DEBUG org.hibernate.SQL - select u1_0.u_id,u1_0.avatar,u1_0.email,u1_0.name,u1_0.password from users u1_0 where u1_0.name=?
2026-03-09 08:16:43.805 [tomcat-handler-25] DEBUG org.hibernate.SQL - select u1_0.u_id,u1_0.avatar,u1_0.email,u1_0.name,u1_0.password from users u1_0 where u1_0.name=?
2026-03-09 08:18:20.038 [SpringApplicationShutdownHook] INFO  o.s.boot.tomcat.GracefulShutdown - Commencing graceful shutdown. Waiting for active requests to complete
2026-03-09 08:18:20.043 [tomcat-shutdown] INFO  o.s.boot.tomcat.GracefulShutdown - Graceful shutdown complete
2026-03-09 08:18:20.071 [SpringApplicationShutdownHook] INFO  o.s.o.j.LocalContainerEntityManagerFactoryBean - Closing JPA EntityManagerFactory for persistence unit 'default'
2026-03-09 08:18:20.073 [SpringApplicationShutdownHook] INFO  com.zaxxer.hikari.HikariDataSource - HikariPool-1 - Shutdown initiated...
2026-03-09 08:18:20.075 [SpringApplicationShutdownHook] INFO  com.zaxxer.hikari.HikariDataSource - HikariPool-1 - Shutdown completed.
2026-03-09 08:18:59.058 [main] INFO  com.example.zcwl.ZcwlApplication - Starting ZcwlApplication using Java 25.0.1 with PID 25448 (C:\Users\Young143\Desktop\大创\code\ZCWL_back_end\target\classes started by Young143 in C:\Users\Young143\Desktop\大创\code\ZCWL_back_end)
2026-03-09 08:18:59.064 [main] INFO  com.example.zcwl.ZcwlApplication - No active profile set, falling back to 1 default profile: "default"
2026-03-09 08:19:01.627 [main] INFO  o.s.d.r.c.RepositoryConfigurationDelegate - Multiple Spring Data modules found, entering strict repository configuration mode
2026-03-09 08:19:01.630 [main] INFO  o.s.d.r.c.RepositoryConfigurationDelegate - Bootstrapping Spring Data JPA repositories in DEFAULT mode.
2026-03-09 08:19:01.941 [main] INFO  o.s.d.r.c.RepositoryConfigurationDelegate - Finished Spring Data repository scanning in 297 ms. Found 12 JPA repository interfaces.
2026-03-09 08:19:04.834 [main] INFO  o.s.boot.tomcat.TomcatWebServer - Tomcat initialized with port 8080 (http)
2026-03-09 08:19:04.865 [main] INFO  o.a.catalina.core.StandardService - Starting service [Tomcat]
2026-03-09 08:19:04.865 [main] INFO  o.a.catalina.core.StandardEngine - Starting Servlet engine: [Apache Tomcat/11.0.18]
2026-03-09 08:19:05.111 [main] INFO  o.s.b.w.c.s.WebApplicationContextInitializer - Root WebApplicationContext: initialization completed in 5943 ms
2026-03-09 08:19:06.001 [main] INFO  org.hibernate.orm.jpa - HHH008540: Processing PersistenceUnitInfo [name: default]
2026-03-09 08:19:06.122 [main] INFO  org.hibernate.orm.core - HHH000001: Hibernate ORM core version 7.2.0.Final
2026-03-09 08:19:07.429 [main] INFO  o.s.o.j.p.SpringPersistenceUnitInfo - No LoadTimeWeaver setup: ignoring JPA class transformer
2026-03-09 08:19:07.492 [main] INFO  com.zaxxer.hikari.HikariDataSource - HikariPool-1 - Starting...
2026-03-09 08:19:08.222 [main] INFO  com.zaxxer.hikari.pool.HikariPool - HikariPool-1 - Added connection org.postgresql.jdbc.PgConnection@55d98bbb
2026-03-09 08:19:08.224 [main] INFO  com.zaxxer.hikari.HikariDataSource - HikariPool-1 - Start completed.
2026-03-09 08:19:08.575 [main] INFO  o.hibernate.orm.connections.pooling - HHH10001005: Database info:
	Database JDBC URL [jdbc:postgresql://young143.top:5432/zcwl]
	Database driver: PostgreSQL JDBC Driver
	Database dialect: PostgreSQLDialect
	Database version: 16.11
	Default catalog/schema: zcwl/public
	Autocommit mode: undefined/unknown
	Isolation level: READ_COMMITTED [default READ_COMMITTED]
	JDBC fetch size: none
	Pool: DataSourceConnectionProvider
	Minimum pool size: undefined/unknown
	Maximum pool size: undefined/unknown
2026-03-09 08:19:11.005 [main] INFO  org.hibernate.orm.core - HHH000489: No JTA platform available (set 'hibernate.transaction.jta.platform' to enable JTA platform integration)
2026-03-09 08:19:11.528 [main] INFO  o.s.o.j.LocalContainerEntityManagerFactoryBean - Initialized JPA EntityManagerFactory for persistence unit 'default'
2026-03-09 08:19:11.835 [main] INFO  o.s.d.j.r.q.QueryEnhancerFactories - Hibernate is in classpath; If applicable, HQL parser will be used.
2026-03-09 08:19:15.413 [main] INFO  o.s.boot.tomcat.TomcatWebServer - Tomcat started on port 8080 (http) with context path '/'
2026-03-09 08:19:16.439 [main] INFO  o.s.b.a.e.web.EndpointLinksResolver - Exposing 3 endpoints beneath base path '/actuator'
2026-03-09 08:19:16.476 [main] INFO  com.example.zcwl.ZcwlApplication - Started ZcwlApplication in 18.168 seconds (process running for 19.551)
2026-03-09 08:19:47.359 [tomcat-handler-1] INFO  o.a.c.c.C.[Tomcat].[localhost].[/] - Initializing Spring DispatcherServlet 'dispatcherServlet'
2026-03-09 08:19:47.360 [tomcat-handler-1] INFO  o.s.web.servlet.DispatcherServlet - Initializing Servlet 'dispatcherServlet'
2026-03-09 08:19:47.645 [tomcat-handler-1] INFO  o.s.web.servlet.DispatcherServlet - Completed initialization in 285 ms
2026-03-09 08:19:47.833 [tomcat-handler-0] INFO  o.s.s.c.a.a.c.InitializeAuthenticationProviderBeanManagerConfigurer$InitializeAuthenticationProviderManagerConfigurer - Global AuthenticationManager configured with AuthenticationProvider bean with name authenticationProvider
2026-03-09 08:19:48.736 [tomcat-handler-2] DEBUG org.hibernate.SQL - select u1_0.u_id,u1_0.avatar,u1_0.email,u1_0.name,u1_0.password from users u1_0 where u1_0.name=?
2026-03-09 08:19:48.944 [tomcat-handler-5] DEBUG org.hibernate.SQL - select d1_0.doc_id,d1_0.doc_name,d1_0.icon,d1_0.summary from doc d1_0
2026-03-09 08:19:49.025 [tomcat-handler-2] DEBUG c.e.zcwl.controller.CodeController - 获取代码生成项目列表，用户ID: user123
2026-03-09 08:19:49.026 [tomcat-handler-2] DEBUG c.e.z.s.i.SimpleFrontendProjectServiceImpl - 获取简单前端代码生成项目列表，用户ID: user123
2026-03-09 08:19:49.029 [tomcat-handler-2] DEBUG org.hibernate.SQL - select sfp1_0.id,sfp1_0.created_at,sfp1_0.css,sfp1_0.html,sfp1_0.javascript,sfp1_0.project_name,sfp1_0.sf_id,sfp1_0.updated_at,sfp1_0.u_id from simple_frontend_projects sfp1_0 where sfp1_0.u_id=?
2026-03-09 08:19:49.135 [tomcat-handler-6] DEBUG org.hibernate.SQL - select d1_0.doc_id,d1_0.doc_name,d1_0.icon,d1_0.summary from doc d1_0
2026-03-09 08:19:49.177 [tomcat-handler-7] DEBUG org.hibernate.SQL - select u1_0.u_id,u1_0.avatar,u1_0.email,u1_0.name,u1_0.password from users u1_0 where u1_0.name=?
2026-03-09 08:19:49.229 [tomcat-handler-7] DEBUG c.e.zcwl.controller.CodeController - 获取代码生成项目列表，用户ID: user123
2026-03-09 08:19:49.230 [tomcat-handler-7] DEBUG c.e.z.s.i.SimpleFrontendProjectServiceImpl - 获取简单前端代码生成项目列表，用户ID: user123
2026-03-09 08:19:49.231 [tomcat-handler-7] DEBUG org.hibernate.SQL - select sfp1_0.id,sfp1_0.created_at,sfp1_0.css,sfp1_0.html,sfp1_0.javascript,sfp1_0.project_name,sfp1_0.sf_id,sfp1_0.updated_at,sfp1_0.u_id from simple_frontend_projects sfp1_0 where sfp1_0.u_id=?
2026-03-09 08:19:54.733 [tomcat-handler-9] DEBUG org.hibernate.SQL - select u1_0.u_id,u1_0.avatar,u1_0.email,u1_0.name,u1_0.password from users u1_0 where u1_0.name=?
2026-03-09 08:20:41.818 [SpringApplicationShutdownHook] INFO  o.s.boot.tomcat.GracefulShutdown - Commencing graceful shutdown. Waiting for active requests to complete
2026-03-09 08:20:41.823 [tomcat-shutdown] INFO  o.s.boot.tomcat.GracefulShutdown - Graceful shutdown complete
2026-03-09 08:20:41.859 [SpringApplicationShutdownHook] INFO  o.s.o.j.LocalContainerEntityManagerFactoryBean - Closing JPA EntityManagerFactory for persistence unit 'default'
2026-03-09 08:20:41.862 [SpringApplicationShutdownHook] INFO  com.zaxxer.hikari.HikariDataSource - HikariPool-1 - Shutdown initiated...
2026-03-09 08:20:41.865 [SpringApplicationShutdownHook] INFO  com.zaxxer.hikari.HikariDataSource - HikariPool-1 - Shutdown completed.
2026-03-09 08:20:48.125 [main] INFO  com.example.zcwl.ZcwlApplication - Starting ZcwlApplication using Java 25.0.1 with PID 23372 (C:\Users\Young143\Desktop\大创\code\ZCWL_back_end\target\classes started by Young143 in C:\Users\Young143\Desktop\大创\code\ZCWL_back_end)
2026-03-09 08:20:48.131 [main] INFO  com.example.zcwl.ZcwlApplication - No active profile set, falling back to 1 default profile: "default"
2026-03-09 08:20:49.922 [main] INFO  o.s.d.r.c.RepositoryConfigurationDelegate - Multiple Spring Data modules found, entering strict repository configuration mode
2026-03-09 08:20:49.925 [main] INFO  o.s.d.r.c.RepositoryConfigurationDelegate - Bootstrapping Spring Data JPA repositories in DEFAULT mode.
2026-03-09 08:20:50.171 [main] INFO  o.s.d.r.c.RepositoryConfigurationDelegate - Finished Spring Data repository scanning in 232 ms. Found 12 JPA repository interfaces.
2026-03-09 08:20:51.768 [main] INFO  o.s.boot.tomcat.TomcatWebServer - Tomcat initialized with port 8080 (http)
2026-03-09 08:20:51.789 [main] INFO  o.a.catalina.core.StandardService - Starting service [Tomcat]
2026-03-09 08:20:51.789 [main] INFO  o.a.catalina.core.StandardEngine - Starting Servlet engine: [Apache Tomcat/11.0.18]
2026-03-09 08:20:51.889 [main] INFO  o.s.b.w.c.s.WebApplicationContextInitializer - Root WebApplicationContext: initialization completed in 3659 ms
2026-03-09 08:20:52.444 [main] INFO  org.hibernate.orm.jpa - HHH008540: Processing PersistenceUnitInfo [name: default]
2026-03-09 08:20:52.521 [main] INFO  org.hibernate.orm.core - HHH000001: Hibernate ORM core version 7.2.0.Final
2026-03-09 08:20:53.181 [main] INFO  o.s.o.j.p.SpringPersistenceUnitInfo - No LoadTimeWeaver setup: ignoring JPA class transformer
2026-03-09 08:20:53.218 [main] INFO  com.zaxxer.hikari.HikariDataSource - HikariPool-1 - Starting...
2026-03-09 08:20:53.892 [main] INFO  com.zaxxer.hikari.pool.HikariPool - HikariPool-1 - Added connection org.postgresql.jdbc.PgConnection@3bf4b018
2026-03-09 08:20:53.895 [main] INFO  com.zaxxer.hikari.HikariDataSource - HikariPool-1 - Start completed.
2026-03-09 08:20:54.215 [main] INFO  o.hibernate.orm.connections.pooling - HHH10001005: Database info:
	Database JDBC URL [jdbc:postgresql://young143.top:5432/zcwl]
	Database driver: PostgreSQL JDBC Driver
	Database dialect: PostgreSQLDialect
	Database version: 16.11
	Default catalog/schema: zcwl/public
	Autocommit mode: undefined/unknown
	Isolation level: READ_COMMITTED [default READ_COMMITTED]
	JDBC fetch size: none
	Pool: DataSourceConnectionProvider
	Minimum pool size: undefined/unknown
	Maximum pool size: undefined/unknown
2026-03-09 08:20:55.498 [main] INFO  org.hibernate.orm.core - HHH000489: No JTA platform available (set 'hibernate.transaction.jta.platform' to enable JTA platform integration)
2026-03-09 08:20:55.967 [main] INFO  o.s.o.j.LocalContainerEntityManagerFactoryBean - Initialized JPA EntityManagerFactory for persistence unit 'default'
2026-03-09 08:20:56.132 [main] INFO  o.s.d.j.r.q.QueryEnhancerFactories - Hibernate is in classpath; If applicable, HQL parser will be used.
2026-03-09 08:20:58.169 [main] INFO  o.s.boot.tomcat.TomcatWebServer - Tomcat started on port 8080 (http) with context path '/'
2026-03-09 08:20:58.807 [main] INFO  o.s.b.a.e.web.EndpointLinksResolver - Exposing 3 endpoints beneath base path '/actuator'
2026-03-09 08:20:58.828 [main] INFO  com.example.zcwl.ZcwlApplication - Started ZcwlApplication in 11.412 seconds (process running for 12.188)
2026-03-09 08:21:51.497 [tomcat-handler-0] INFO  o.a.c.c.C.[Tomcat].[localhost].[/] - Initializing Spring DispatcherServlet 'dispatcherServlet'
2026-03-09 08:21:51.498 [tomcat-handler-0] INFO  o.s.web.servlet.DispatcherServlet - Initializing Servlet 'dispatcherServlet'
2026-03-09 08:21:51.778 [tomcat-handler-0] INFO  o.s.web.servlet.DispatcherServlet - Completed initialization in 279 ms
2026-03-09 08:21:51.991 [tomcat-handler-0] INFO  o.s.s.c.a.a.c.InitializeAuthenticationProviderBeanManagerConfigurer$InitializeAuthenticationProviderManagerConfigurer - Global AuthenticationManager configured with AuthenticationProvider bean with name authenticationProvider
2026-03-09 08:21:53.026 [tomcat-handler-1] DEBUG org.hibernate.SQL - select u1_0.u_id,u1_0.avatar,u1_0.email,u1_0.name,u1_0.password from users u1_0 where u1_0.name=?
2026-03-09 08:21:53.623 [tomcat-handler-1] DEBUG org.hibernate.SQL - select u1_0.u_id,u1_0.avatar,u1_0.email,u1_0.name,u1_0.password from users u1_0 where u1_0.u_id=?
2026-03-09 08:21:53.702 [tomcat-handler-1] DEBUG org.hibernate.SQL - insert into dialog (d_abstract,qa_times,u_id) values (?,?,?)
2026-03-09 08:21:53.946 [tomcat-handler-3] DEBUG org.hibernate.SQL - select u1_0.u_id,u1_0.avatar,u1_0.email,u1_0.name,u1_0.password from users u1_0 where u1_0.name=?
2026-03-09 08:21:54.008 [tomcat-handler-3] DEBUG org.hibernate.SQL - select d1_0.d_id,d1_0.d_abstract,d1_0.qa_times,d1_0.u_id,u1_0.u_id,u1_0.avatar,u1_0.email,u1_0.name,u1_0.password from dialog d1_0 join users u1_0 on u1_0.u_id=d1_0.u_id where d1_0.d_id=?
2026-03-09 08:21:54.047 [tomcat-handler-3] INFO  c.e.z.service.impl.AiChatServiceImpl - 开始调用AI流式API，对话ID: 446, 问题: hi...
2026-03-09 08:21:54.055 [tomcat-handler-3] DEBUG org.hibernate.SQL - select qa1_0.d_id,qa1_0.times,qa1_0.ans,qa1_0.date,qa1_0.que from que_ans qa1_0 where qa1_0.d_id=?
2026-03-09 08:21:54.105 [tomcat-handler-3] DEBUG org.hibernate.SQL - select ch1_0.d_id,ch1_0.created_at,ch1_0.extracted_prompt from chat_history ch1_0 where ch1_0.d_id=?
2026-03-09 08:21:54.499 [tomcat-handler-3] DEBUG o.s.web.client.RestTemplate - HTTP POST http://localhost:8080/rag/search
2026-03-09 08:21:54.503 [tomcat-handler-3] DEBUG o.s.web.client.RestTemplate - Accept=[application/json, application/*+json]
2026-03-09 08:21:54.504 [tomcat-handler-3] DEBUG o.s.web.client.RestTemplate - Writing [{query=hi}] as "application/json"
2026-03-09 08:21:54.596 [tomcat-handler-3] DEBUG o.s.web.client.RestTemplate - Response 403 FORBIDDEN
2026-03-09 08:21:54.608 [tomcat-handler-3] ERROR c.e.z.service.impl.AiChatServiceImpl - 获取相似记录失败: 403  on POST request for "http://localhost:8080/rag/search": [no body]
org.springframework.web.client.HttpClientErrorException$Forbidden: 403  on POST request for "http://localhost:8080/rag/search": [no body]
	at org.springframework.web.client.HttpClientErrorException.create(HttpClientErrorException.java:112)
	at org.springframework.web.client.DefaultResponseErrorHandler.handleError(DefaultResponseErrorHandler.java:145)
	at org.springframework.web.client.DefaultResponseErrorHandler.handleError(DefaultResponseErrorHandler.java:120)
	at org.springframework.web.client.RestTemplate.handleResponse(RestTemplate.java:807)
	at org.springframework.web.client.RestTemplate.doExecute(RestTemplate.java:756)
	at org.springframework.web.client.RestTemplate.exchange(RestTemplate.java:629)
	at com.example.zcwl.service.impl.AiChatServiceImpl.getSimilarRecords(AiChatServiceImpl.java:673)
	at com.example.zcwl.service.impl.AiChatServiceImpl.buildRequestBody(AiChatServiceImpl.java:559)
	at com.example.zcwl.service.impl.AiChatServiceImpl.callAIStream(AiChatServiceImpl.java:812)
	at com.example.zcwl.service.impl.AiChatServiceImpl.addChatMessageStream(AiChatServiceImpl.java:273)
	at java.base/jdk.internal.reflect.DirectMethodHandleAccessor.invoke(DirectMethodHandleAccessor.java:104)
	at java.base/java.lang.reflect.Method.invoke(Method.java:565)
	at org.springframework.aop.support.AopUtils.invokeJoinpointUsingReflection(AopUtils.java:359)
	at org.springframework.aop.framework.ReflectiveMethodInvocation.invokeJoinpoint(ReflectiveMethodInvocation.java:190)
	at org.springframework.aop.framework.ReflectiveMethodInvocation.proceed(ReflectiveMethodInvocation.java:158)
	at org.springframework.retry.annotation.AnnotationAwareRetryOperationsInterceptor.invoke(AnnotationAwareRetryOperationsInterceptor.java:163)
	at org.springframework.aop.framework.ReflectiveMethodInvocation.proceed(ReflectiveMethodInvocation.java:179)
	at org.springframework.aop.framework.CglibAopProxy$DynamicAdvisedInterceptor.intercept(CglibAopProxy.java:719)
	at com.example.zcwl.service.impl.AiChatServiceImpl$$SpringCGLIB$$0.addChatMessageStream(<generated>)
	at com.example.zcwl.controller.AiChatController.addChatMessage(AiChatController.java:121)
	at java.base/jdk.internal.reflect.DirectMethodHandleAccessor.invoke(DirectMethodHandleAccessor.java:104)
	at java.base/java.lang.reflect.Method.invoke(Method.java:565)
	at org.springframework.web.method.support.InvocableHandlerMethod.doInvoke(InvocableHandlerMethod.java:258)
	at org.springframework.web.method.support.InvocableHandlerMethod.invokeForRequest(InvocableHandlerMethod.java:190)
	at org.springframework.web.servlet.mvc.method.annotation.ServletInvocableHandlerMethod.invokeAndHandle(ServletInvocableHandlerMethod.java:117)
	at org.springframework.web.servlet.mvc.method.annotation.RequestMappingHandlerAdapter.invokeHandlerMethod(RequestMappingHandlerAdapter.java:934)
	at org.springframework.web.servlet.mvc.method.annotation.RequestMappingHandlerAdapter.handleInternal(RequestMappingHandlerAdapter.java:853)
	at org.springframework.web.servlet.mvc.method.AbstractHandlerMethodAdapter.handle(AbstractHandlerMethodAdapter.java:86)
	at org.springframework.web.servlet.DispatcherServlet.doDispatch(DispatcherServlet.java:963)
	at org.springframework.web.servlet.DispatcherServlet.doService(DispatcherServlet.java:866)
	at org.springframework.web.servlet.FrameworkServlet.processRequest(FrameworkServlet.java:1003)
	at org.springframework.web.servlet.FrameworkServlet.doPost(FrameworkServlet.java:903)
	at jakarta.servlet.http.HttpServlet.service(HttpServlet.java:649)
	at org.springframework.web.servlet.FrameworkServlet.service(FrameworkServlet.java:874)
	at jakarta.servlet.http.HttpServlet.service(HttpServlet.java:710)
	at org.apache.catalina.core.ApplicationFilterChain.doFilter(ApplicationFilterChain.java:128)
	at org.apache.tomcat.websocket.server.WsFilter.doFilter(WsFilter.java:53)
	at org.apache.catalina.core.ApplicationFilterChain.doFilter(ApplicationFilterChain.java:107)
	at org.springframework.web.filter.CorsFilter.doFilterInternal(CorsFilter.java:91)
	at org.springframework.web.filter.OncePerRequestFilter.doFilter(OncePerRequestFilter.java:116)
	at org.apache.catalina.core.ApplicationFilterChain.doFilter(ApplicationFilterChain.java:107)
	at org.springframework.web.filter.OncePerRequestFilter.doFilter(OncePerRequestFilter.java:110)
	at org.apache.catalina.core.ApplicationFilterChain.doFilter(ApplicationFilterChain.java:107)
	at org.springframework.web.filter.CompositeFilter$VirtualFilterChain.doFilter(CompositeFilter.java:108)
	at org.springframework.security.web.FilterChainProxy.lambda$doFilterInternal$3(FilterChainProxy.java:235)
	at org.springframework.security.web.ObservationFilterChainDecorator$FilterObservation$SimpleFilterObservation.lambda$wrap$1(ObservationFilterChainDecorator.java:493)
	at org.springframework.security.web.ObservationFilterChainDecorator$AroundFilterObservation$SimpleAroundFilterObservation.lambda$wrap$1(ObservationFilterChainDecorator.java:354)
	at org.springframework.security.web.ObservationFilterChainDecorator.lambda$wrapSecured$0(ObservationFilterChainDecorator.java:86)
	at org.springframework.security.web.ObservationFilterChainDecorator$VirtualFilterChain.doFilter(ObservationFilterChainDecorator.java:132)
	at org.springframework.security.web.access.intercept.AuthorizationFilter.doFilter(AuthorizationFilter.java:101)
	at org.springframework.security.web.ObservationFilterChainDecorator$ObservationFilter.wrapFilter(ObservationFilterChainDecorator.java:244)
	at org.springframework.security.web.ObservationFilterChainDecorator$ObservationFilter.doFilter(ObservationFilterChainDecorator.java:231)
	at org.springframework.security.web.ObservationFilterChainDecorator$VirtualFilterChain.doFilter(ObservationFilterChainDecorator.java:141)
	at org.springframework.security.web.access.ExceptionTranslationFilter.doFilter(ExceptionTranslationFilter.java:126)
	at org.springframework.security.web.access.ExceptionTranslationFilter.doFilter(ExceptionTranslationFilter.java:120)
	at org.springframework.security.web.ObservationFilterChainDecorator$ObservationFilter.wrapFilter(ObservationFilterChainDecorator.java:244)
	at org.springframework.security.web.ObservationFilterChainDecorator$ObservationFilter.doFilter(ObservationFilterChainDecorator.java:231)
	at org.springframework.security.web.ObservationFilterChainDecorator$VirtualFilterChain.doFilter(ObservationFilterChainDecorator.java:141)
	at org.springframework.security.web.session.SessionManagementFilter.doFilter(SessionManagementFilter.java:132)
	at org.springframework.security.web.session.SessionManagementFilter.doFilter(SessionManagementFilter.java:86)
	at org.springframework.security.web.ObservationFilterChainDecorator$ObservationFilter.wrapFilter(ObservationFilterChainDecorator.java:244)
	at org.springframework.security.web.ObservationFilterChainDecorator$ObservationFilter.doFilter(ObservationFilterChainDecorator.java:231)
	at org.springframework.security.web.ObservationFilterChainDecorator$VirtualFilterChain.doFilter(ObservationFilterChainDecorator.java:141)
	at org.springframework.security.web.authentication.AnonymousAuthenticationFilter.doFilter(AnonymousAuthenticationFilter.java:100)
	at org.springframework.security.web.ObservationFilterChainDecorator$ObservationFilter.wrapFilter(ObservationFilterChainDecorator.java:244)
	at org.springframework.security.web.ObservationFilterChainDecorator$ObservationFilter.doFilter(ObservationFilterChainDecorator.java:231)
	at org.springframework.security.web.ObservationFilterChainDecorator$VirtualFilterChain.doFilter(ObservationFilterChainDecorator.java:141)
	at org.springframework.security.web.servletapi.SecurityContextHolderAwareRequestFilter.doFilter(SecurityContextHolderAwareRequestFilter.java:181)
	at org.springframework.security.web.ObservationFilterChainDecorator$ObservationFilter.wrapFilter(ObservationFilterChainDecorator.java:244)
	at org.springframework.security.web.ObservationFilterChainDecorator$ObservationFilter.doFilter(ObservationFilterChainDecorator.java:231)
	at org.springframework.security.web.ObservationFilterChainDecorator$VirtualFilterChain.doFilter(ObservationFilterChainDecorator.java:141)
	at org.springframework.security.web.savedrequest.RequestCacheAwareFilter.doFilter(RequestCacheAwareFilter.java:63)
	at org.springframework.security.web.ObservationFilterChainDecorator$ObservationFilter.wrapFilter(ObservationFilterChainDecorator.java:244)
	at org.springframework.security.web.ObservationFilterChainDecorator$ObservationFilter.doFilter(ObservationFilterChainDecorator.java:231)
	at org.springframework.security.web.ObservationFilterChainDecorator$VirtualFilterChain.doFilter(ObservationFilterChainDecorator.java:141)
	at com.example.zcwl.config.JwtAuthenticationFilter.doFilterInternal(JwtAuthenticationFilter.java:80)
	at org.springframework.web.filter.OncePerRequestFilter.doFilter(OncePerRequestFilter.java:116)
	at org.springframework.security.web.ObservationFilterChainDecorator$ObservationFilter.wrapFilter(ObservationFilterChainDecorator.java:244)
	at org.springframework.security.web.ObservationFilterChainDecorator$ObservationFilter.doFilter(ObservationFilterChainDecorator.java:231)
	at org.springframework.security.web.ObservationFilterChainDecorator$VirtualFilterChain.doFilter(ObservationFilterChainDecorator.java:141)
	at org.springframework.security.web.authentication.logout.LogoutFilter.doFilter(LogoutFilter.java:110)
	at org.springframework.security.web.authentication.logout.LogoutFilter.doFilter(LogoutFilter.java:96)
	at org.springframework.security.web.ObservationFilterChainDecorator$ObservationFilter.wrapFilter(ObservationFilterChainDecorator.java:244)
	at org.springframework.security.web.ObservationFilterChainDecorator$ObservationFilter.doFilter(ObservationFilterChainDecorator.java:231)
	at org.springframework.security.web.ObservationFilterChainDecorator$VirtualFilterChain.doFilter(ObservationFilterChainDecorator.java:141)
	at org.springframework.web.filter.CorsFilter.doFilterInternal(CorsFilter.java:91)
	at org.springframework.web.filter.OncePerRequestFilter.doFilter(OncePerRequestFilter.java:116)
	at org.springframework.security.web.ObservationFilterChainDecorator$ObservationFilter.wrapFilter(ObservationFilterChainDecorator.java:244)
	at org.springframework.security.web.ObservationFilterChainDecorator$ObservationFilter.doFilter(ObservationFilterChainDecorator.java:231)
	at org.springframework.security.web.ObservationFilterChainDecorator$VirtualFilterChain.doFilter(ObservationFilterChainDecorator.java:141)
	at org.springframework.security.web.header.HeaderWriterFilter.doHeadersAfter(HeaderWriterFilter.java:90)
	at org.springframework.security.web.header.HeaderWriterFilter.doFilterInternal(HeaderWriterFilter.java:75)
	at org.springframework.web.filter.OncePerRequestFilter.doFilter(OncePerRequestFilter.java:116)
	at org.springframework.security.web.ObservationFilterChainDecorator$ObservationFilter.wrapFilter(ObservationFilterChainDecorator.java:244)
	at org.springframework.security.web.ObservationFilterChainDecorator$ObservationFilter.doFilter(ObservationFilterChainDecorator.java:231)
	at org.springframework.security.web.ObservationFilterChainDecorator$VirtualFilterChain.doFilter(ObservationFilterChainDecorator.java:141)
	at org.springframework.security.web.context.SecurityContextHolderFilter.doFilter(SecurityContextHolderFilter.java:82)
	at org.springframework.security.web.context.SecurityContextHolderFilter.doFilter(SecurityContextHolderFilter.java:69)
	at org.springframework.security.web.ObservationFilterChainDecorator$ObservationFilter.wrapFilter(ObservationFilterChainDecorator.java:244)
	at org.springframework.security.web.ObservationFilterChainDecorator$ObservationFilter.doFilter(ObservationFilterChainDecorator.java:231)
	at org.springframework.security.web.ObservationFilterChainDecorator$VirtualFilterChain.doFilter(ObservationFilterChainDecorator.java:141)
	at org.springframework.security.web.context.request.async.WebAsyncManagerIntegrationFilter.doFilterInternal(WebAsyncManagerIntegrationFilter.java:62)
	at org.springframework.web.filter.OncePerRequestFilter.doFilter(OncePerRequestFilter.java:116)
	at org.springframework.security.web.ObservationFilterChainDecorator$ObservationFilter.wrapFilter(ObservationFilterChainDecorator.java:244)
	at org.springframework.security.web.ObservationFilterChainDecorator$ObservationFilter.doFilter(ObservationFilterChainDecorator.java:231)
	at org.springframework.security.web.ObservationFilterChainDecorator$VirtualFilterChain.doFilter(ObservationFilterChainDecorator.java:141)
	at org.springframework.security.web.session.DisableEncodeUrlFilter.doFilterInternal(DisableEncodeUrlFilter.java:42)
	at org.springframework.web.filter.OncePerRequestFilter.doFilter(OncePerRequestFilter.java:116)
	at org.springframework.security.web.ObservationFilterChainDecorator$ObservationFilter.wrapFilter(ObservationFilterChainDecorator.java:244)
	at org.springframework.security.web.ObservationFilterChainDecorator$AroundFilterObservation$SimpleAroundFilterObservation.lambda$wrap$0(ObservationFilterChainDecorator.java:337)
	at org.springframework.security.web.ObservationFilterChainDecorator$ObservationFilter.doFilter(ObservationFilterChainDecorator.java:228)
	at org.springframework.security.web.ObservationFilterChainDecorator$VirtualFilterChain.doFilter(ObservationFilterChainDecorator.java:141)
	at org.springframework.security.web.FilterChainProxy.doFilterInternal(FilterChainProxy.java:237)
	at org.springframework.security.web.FilterChainProxy.doFilter(FilterChainProxy.java:195)
	at org.springframework.web.filter.CompositeFilter$VirtualFilterChain.doFilter(CompositeFilter.java:113)
	at org.springframework.web.filter.ServletRequestPathFilter.doFilter(ServletRequestPathFilter.java:52)
	at org.springframework.web.filter.CompositeFilter$VirtualFilterChain.doFilter(CompositeFilter.java:113)
	at org.springframework.web.filter.CompositeFilter.doFilter(CompositeFilter.java:74)
	at org.springframework.security.config.annotation.web.configuration.WebSecurityConfiguration$CompositeFilterChainProxy.doFilter(WebSecurityConfiguration.java:317)
	at org.springframework.web.filter.DelegatingFilterProxy.invokeDelegate(DelegatingFilterProxy.java:355)
	at org.springframework.web.filter.DelegatingFilterProxy.doFilter(DelegatingFilterProxy.java:272)
	at org.apache.catalina.core.ApplicationFilterChain.doFilter(ApplicationFilterChain.java:107)
	at org.springframework.web.filter.RequestContextFilter.doFilterInternal(RequestContextFilter.java:100)
	at org.springframework.web.filter.OncePerRequestFilter.doFilter(OncePerRequestFilter.java:116)
	at org.apache.catalina.core.ApplicationFilterChain.doFilter(ApplicationFilterChain.java:107)
	at org.springframework.web.filter.FormContentFilter.doFilterInternal(FormContentFilter.java:93)
	at org.springframework.web.filter.OncePerRequestFilter.doFilter(OncePerRequestFilter.java:116)
	at org.apache.catalina.core.ApplicationFilterChain.doFilter(ApplicationFilterChain.java:107)
	at org.springframework.web.filter.ServerHttpObservationFilter.doFilterInternal(ServerHttpObservationFilter.java:110)
	at org.springframework.web.filter.OncePerRequestFilter.doFilter(OncePerRequestFilter.java:116)
	at org.apache.catalina.core.ApplicationFilterChain.doFilter(ApplicationFilterChain.java:107)
	at org.springframework.web.filter.CharacterEncodingFilter.doFilterInternal(CharacterEncodingFilter.java:199)
	at org.springframework.web.filter.OncePerRequestFilter.doFilter(OncePerRequestFilter.java:116)
	at org.apache.catalina.core.ApplicationFilterChain.doFilter(ApplicationFilterChain.java:107)
	at org.apache.catalina.core.StandardWrapperValve.invoke(StandardWrapperValve.java:165)
	at org.apache.catalina.core.StandardContextValve.invoke(StandardContextValve.java:77)
	at org.apache.catalina.authenticator.AuthenticatorBase.invoke(AuthenticatorBase.java:492)
	at org.apache.catalina.core.StandardHostValve.invoke(StandardHostValve.java:113)
	at org.apache.catalina.valves.ErrorReportValve.invoke(ErrorReportValve.java:83)
	at org.apache.catalina.core.StandardEngineValve.invoke(StandardEngineValve.java:72)
	at org.apache.catalina.connector.CoyoteAdapter.service(CoyoteAdapter.java:341)
	at org.apache.coyote.http11.Http11Processor.service(Http11Processor.java:397)
	at org.apache.coyote.AbstractProcessorLight.process(AbstractProcessorLight.java:63)
	at org.apache.coyote.AbstractProtocol$ConnectionHandler.process(AbstractProtocol.java:903)
	at org.apache.tomcat.util.net.NioEndpoint$SocketProcessor.doRun(NioEndpoint.java:1779)
	at org.apache.tomcat.util.net.SocketProcessorBase.run(SocketProcessorBase.java:52)
	at java.base/java.lang.VirtualThread.run(VirtualThread.java:456)
2026-03-09 08:21:56.602 [ForkJoinPool.commonPool-worker-1] DEBUG c.e.z.service.impl.AiChatServiceImpl - 收到AI回答数据块，长度: 2
2026-03-09 08:21:56.606 [task-1] DEBUG c.e.z.service.impl.AiChatServiceImpl - 收到AI回答数据块，长度: 4
2026-03-09 08:21:56.610 [ForkJoinPool.commonPool-worker-1] DEBUG c.e.z.service.impl.AiChatServiceImpl - 收到AI回答数据块，长度: 5
2026-03-09 08:21:56.634 [ForkJoinPool.commonPool-worker-1] DEBUG c.e.z.service.impl.AiChatServiceImpl - 收到AI回答数据块，长度: 4
2026-03-09 08:21:56.661 [pool-3-thread-1] INFO  c.e.z.service.impl.AiChatServiceImpl - 流式回答结束，保存完整回答到数据库，长度: 15
2026-03-09 08:21:56.708 [pool-3-thread-1] DEBUG org.hibernate.SQL - select d1_0.d_id,d1_0.d_abstract,d1_0.qa_times,d1_0.u_id from dialog d1_0 where d1_0.d_id=?
2026-03-09 08:21:56.790 [pool-3-thread-1] DEBUG org.hibernate.SQL - select qa1_0.d_id,qa1_0.times,qa1_0.ans,qa1_0.date,qa1_0.que from que_ans qa1_0 where (qa1_0.d_id,qa1_0.times) in ((?,?))
2026-03-09 08:21:56.851 [pool-3-thread-1] DEBUG org.hibernate.SQL - insert into que_ans (ans,date,que,d_id,times) values (?,?,?,?,?)
2026-03-09 08:21:56.929 [pool-3-thread-1] DEBUG org.hibernate.SQL - select d1_0.d_id,d1_0.d_abstract,d1_0.qa_times,d1_0.u_id from dialog d1_0 where d1_0.d_id=?
2026-03-09 08:21:56.973 [pool-3-thread-1] DEBUG org.hibernate.SQL - update dialog set d_abstract=?,qa_times=?,u_id=? where d_id=?
2026-03-09 08:21:57.562 [pool-3-thread-1] ERROR c.e.z.service.impl.AiChatServiceImpl - Redis缓存删除错误: Unable to connect to Redis
org.springframework.data.redis.RedisConnectionFailureException: Unable to connect to Redis
	at org.springframework.data.redis.connection.lettuce.LettuceConnectionFactory$ExceptionTranslatingConnectionProvider.translateException(LettuceConnectionFactory.java:1868)
	at org.springframework.data.redis.connection.lettuce.LettuceConnectionFactory$ExceptionTranslatingConnectionProvider.getConnection(LettuceConnectionFactory.java:1799)
	at org.springframework.data.redis.connection.lettuce.LettuceConnectionFactory$SharedConnection.getNativeConnection(LettuceConnectionFactory.java:1596)
	at org.springframework.data.redis.connection.lettuce.LettuceConnectionFactory$SharedConnection.lambda$getConnection$0(LettuceConnectionFactory.java:1576)
	at org.springframework.data.redis.connection.lettuce.LettuceConnectionFactory.doInLock(LettuceConnectionFactory.java:1537)
	at org.springframework.data.redis.connection.lettuce.LettuceConnectionFactory$SharedConnection.getConnection(LettuceConnectionFactory.java:1573)
	at org.springframework.data.redis.connection.lettuce.LettuceConnectionFactory.getSharedConnection(LettuceConnectionFactory.java:1258)
	at org.springframework.data.redis.connection.lettuce.LettuceConnectionFactory.getConnection(LettuceConnectionFactory.java:1054)
	at org.springframework.data.redis.core.RedisConnectionUtils.fetchConnection(RedisConnectionUtils.java:195)
	at org.springframework.data.redis.core.RedisConnectionUtils.doGetConnection(RedisConnectionUtils.java:144)
	at org.springframework.data.redis.core.RedisConnectionUtils.getConnection(RedisConnectionUtils.java:105)
	at org.springframework.data.redis.core.RedisTemplate.execute(RedisTemplate.java:400)
	at org.springframework.data.redis.core.RedisTemplate.execute(RedisTemplate.java:380)
	at org.springframework.data.redis.core.RedisTemplate.doWithKeys(RedisTemplate.java:803)
	at org.springframework.data.redis.core.RedisTemplate.delete(RedisTemplate.java:598)
	at com.example.zcwl.service.impl.AiChatServiceImpl.saveChatMessageWithoutTransaction(AiChatServiceImpl.java:337)
	at com.example.zcwl.service.impl.AiChatServiceImpl.lambda$addChatMessageStream$2(AiChatServiceImpl.java:294)
	at java.base/java.util.concurrent.CompletableFuture$AsyncRun.run(CompletableFuture.java:1825)
	at java.base/java.util.concurrent.ThreadPoolExecutor.runWorker(ThreadPoolExecutor.java:1090)
	at java.base/java.util.concurrent.ThreadPoolExecutor$Worker.run(ThreadPoolExecutor.java:614)
	at java.base/java.lang.Thread.run(Thread.java:1474)
Caused by: io.lettuce.core.RedisConnectionException: Unable to connect to localhost/<unresolved>:6379
	at io.lettuce.core.RedisConnectionException.create(RedisConnectionException.java:63)
	at io.lettuce.core.RedisConnectionException.create(RedisConnectionException.java:41)
	at io.lettuce.core.AbstractRedisClient.getConnection(AbstractRedisClient.java:352)
	at io.lettuce.core.RedisClient.connect(RedisClient.java:220)
	at org.springframework.data.redis.connection.lettuce.StandaloneConnectionProvider.lambda$getConnection$1(StandaloneConnectionProvider.java:113)
	at java.base/java.util.Optional.orElseGet(Optional.java:364)
	at org.springframework.data.redis.connection.lettuce.StandaloneConnectionProvider.getConnection(StandaloneConnectionProvider.java:113)
	at org.springframework.data.redis.connection.lettuce.LettuceConnectionFactory$ExceptionTranslatingConnectionProvider.getConnection(LettuceConnectionFactory.java:1797)
	... 19 common frames omitted
Caused by: io.netty.channel.AbstractChannel$AnnotatedConnectException: Connection refused: getsockopt: localhost/127.0.0.1:6379
Caused by: java.net.ConnectException: Connection refused: getsockopt
	at java.base/sun.nio.ch.Net.pollConnect(Native Method)
	at java.base/sun.nio.ch.Net.pollConnectNow(Net.java:639)
	at java.base/sun.nio.ch.SocketChannelImpl.finishConnect(SocketChannelImpl.java:1046)
	at io.netty.channel.socket.nio.NioSocketChannel.doFinishConnect(NioSocketChannel.java:336)
	at io.netty.channel.nio.AbstractNioChannel$AbstractNioUnsafe.finishConnect(AbstractNioChannel.java:339)
	at io.netty.channel.nio.NioEventLoop.processSelectedKey(NioEventLoop.java:784)
	at io.netty.channel.nio.NioEventLoop.processSelectedKeysOptimized(NioEventLoop.java:732)
	at io.netty.channel.nio.NioEventLoop.processSelectedKeys(NioEventLoop.java:658)
	at io.netty.channel.nio.NioEventLoop.run(NioEventLoop.java:562)
	at io.netty.util.concurrent.SingleThreadEventExecutor$4.run(SingleThreadEventExecutor.java:998)
	at io.netty.util.internal.ThreadExecutorMap$2.run(ThreadExecutorMap.java:74)
	at io.netty.util.concurrent.FastThreadLocalRunnable.run(FastThreadLocalRunnable.java:30)
	at java.base/java.lang.Thread.run(Thread.java:1474)
2026-03-09 08:23:23.599 [SpringApplicationShutdownHook] INFO  o.s.boot.tomcat.GracefulShutdown - Commencing graceful shutdown. Waiting for active requests to complete
2026-03-09 08:23:23.605 [tomcat-shutdown] INFO  o.s.boot.tomcat.GracefulShutdown - Graceful shutdown complete
2026-03-09 08:23:23.633 [SpringApplicationShutdownHook] INFO  o.s.o.j.LocalContainerEntityManagerFactoryBean - Closing JPA EntityManagerFactory for persistence unit 'default'
2026-03-09 08:23:23.635 [SpringApplicationShutdownHook] INFO  com.zaxxer.hikari.HikariDataSource - HikariPool-1 - Shutdown initiated...
2026-03-09 08:23:23.638 [SpringApplicationShutdownHook] INFO  com.zaxxer.hikari.HikariDataSource - HikariPool-1 - Shutdown completed.
2026-03-09 08:23:27.847 [main] INFO  com.example.zcwl.ZcwlApplication - Starting ZcwlApplication using Java 25.0.1 with PID 20936 (C:\Users\Young143\Desktop\大创\code\ZCWL_back_end\target\classes started by Young143 in C:\Users\Young143\Desktop\大创\code\ZCWL_back_end)
2026-03-09 08:23:27.851 [main] INFO  com.example.zcwl.ZcwlApplication - No active profile set, falling back to 1 default profile: "default"
2026-03-09 08:23:29.367 [main] INFO  o.s.d.r.c.RepositoryConfigurationDelegate - Multiple Spring Data modules found, entering strict repository configuration mode
2026-03-09 08:23:29.369 [main] INFO  o.s.d.r.c.RepositoryConfigurationDelegate - Bootstrapping Spring Data JPA repositories in DEFAULT mode.
2026-03-09 08:23:29.573 [main] INFO  o.s.d.r.c.RepositoryConfigurationDelegate - Finished Spring Data repository scanning in 193 ms. Found 12 JPA repository interfaces.
2026-03-09 08:23:30.946 [main] INFO  o.s.boot.tomcat.TomcatWebServer - Tomcat initialized with port 8080 (http)
2026-03-09 08:23:30.960 [main] INFO  o.a.catalina.core.StandardService - Starting service [Tomcat]
2026-03-09 08:23:30.960 [main] INFO  o.a.catalina.core.StandardEngine - Starting Servlet engine: [Apache Tomcat/11.0.18]
2026-03-09 08:23:31.052 [main] INFO  o.s.b.w.c.s.WebApplicationContextInitializer - Root WebApplicationContext: initialization completed in 3111 ms
2026-03-09 08:23:31.567 [main] INFO  org.hibernate.orm.jpa - HHH008540: Processing PersistenceUnitInfo [name: default]
2026-03-09 08:23:31.627 [main] INFO  org.hibernate.orm.core - HHH000001: Hibernate ORM core version 7.2.0.Final
2026-03-09 08:23:32.194 [main] INFO  o.s.o.j.p.SpringPersistenceUnitInfo - No LoadTimeWeaver setup: ignoring JPA class transformer
2026-03-09 08:23:32.233 [main] INFO  com.zaxxer.hikari.HikariDataSource - HikariPool-1 - Starting...
2026-03-09 08:23:32.969 [main] INFO  com.zaxxer.hikari.pool.HikariPool - HikariPool-1 - Added connection org.postgresql.jdbc.PgConnection@6894436e
2026-03-09 08:23:32.970 [main] INFO  com.zaxxer.hikari.HikariDataSource - HikariPool-1 - Start completed.
2026-03-09 08:23:33.283 [main] INFO  o.hibernate.orm.connections.pooling - HHH10001005: Database info:
	Database JDBC URL [jdbc:postgresql://young143.top:5432/zcwl]
	Database driver: PostgreSQL JDBC Driver
	Database dialect: PostgreSQLDialect
	Database version: 16.11
	Default catalog/schema: zcwl/public
	Autocommit mode: undefined/unknown
	Isolation level: READ_COMMITTED [default READ_COMMITTED]
	JDBC fetch size: none
	Pool: DataSourceConnectionProvider
	Minimum pool size: undefined/unknown
	Maximum pool size: undefined/unknown
2026-03-09 08:23:34.826 [main] INFO  org.hibernate.orm.core - HHH000489: No JTA platform available (set 'hibernate.transaction.jta.platform' to enable JTA platform integration)
2026-03-09 08:23:35.441 [main] INFO  o.s.o.j.LocalContainerEntityManagerFactoryBean - Initialized JPA EntityManagerFactory for persistence unit 'default'
2026-03-09 08:23:35.607 [main] INFO  o.s.d.j.r.q.QueryEnhancerFactories - Hibernate is in classpath; If applicable, HQL parser will be used.
2026-03-09 08:23:38.090 [main] INFO  o.s.boot.tomcat.TomcatWebServer - Tomcat started on port 8080 (http) with context path '/'
2026-03-09 08:23:38.769 [main] INFO  o.s.b.a.e.web.EndpointLinksResolver - Exposing 3 endpoints beneath base path '/actuator'
2026-03-09 08:23:38.795 [main] INFO  com.example.zcwl.ZcwlApplication - Started ZcwlApplication in 11.485 seconds (process running for 12.258)
2026-03-09 08:24:05.406 [tomcat-handler-0] INFO  o.a.c.c.C.[Tomcat].[localhost].[/] - Initializing Spring DispatcherServlet 'dispatcherServlet'
2026-03-09 08:24:05.407 [tomcat-handler-0] INFO  o.s.web.servlet.DispatcherServlet - Initializing Servlet 'dispatcherServlet'
2026-03-09 08:24:05.621 [tomcat-handler-0] INFO  o.s.web.servlet.DispatcherServlet - Completed initialization in 214 ms
2026-03-09 08:24:05.852 [tomcat-handler-0] INFO  o.s.s.c.a.a.c.InitializeAuthenticationProviderBeanManagerConfigurer$InitializeAuthenticationProviderManagerConfigurer - Global AuthenticationManager configured with AuthenticationProvider bean with name authenticationProvider
2026-03-09 08:24:06.735 [tomcat-handler-1] DEBUG org.hibernate.SQL - select u1_0.u_id,u1_0.avatar,u1_0.email,u1_0.name,u1_0.password from users u1_0 where u1_0.name=?
2026-03-09 08:24:07.504 [tomcat-handler-1] DEBUG org.hibernate.SQL - select u1_0.u_id,u1_0.avatar,u1_0.email,u1_0.name,u1_0.password from users u1_0 where u1_0.u_id=?
2026-03-09 08:24:07.658 [tomcat-handler-1] DEBUG org.hibernate.SQL - insert into dialog (d_abstract,qa_times,u_id) values (?,?,?)
2026-03-09 08:24:07.862 [tomcat-handler-3] DEBUG org.hibernate.SQL - select u1_0.u_id,u1_0.avatar,u1_0.email,u1_0.name,u1_0.password from users u1_0 where u1_0.name=?
2026-03-09 08:24:07.936 [tomcat-handler-3] DEBUG org.hibernate.SQL - select d1_0.d_id,d1_0.d_abstract,d1_0.qa_times,d1_0.u_id,u1_0.u_id,u1_0.avatar,u1_0.email,u1_0.name,u1_0.password from dialog d1_0 join users u1_0 on u1_0.u_id=d1_0.u_id where d1_0.d_id=?
2026-03-09 08:24:07.983 [tomcat-handler-3] INFO  c.e.z.service.impl.AiChatServiceImpl - 开始调用AI流式API，对话ID: 447, 问题: java多线程优势是什么...
2026-03-09 08:24:07.994 [tomcat-handler-3] DEBUG org.hibernate.SQL - select qa1_0.d_id,qa1_0.times,qa1_0.ans,qa1_0.date,qa1_0.que from que_ans qa1_0 where qa1_0.d_id=?
2026-03-09 08:24:08.061 [tomcat-handler-3] DEBUG org.hibernate.SQL - select ch1_0.d_id,ch1_0.created_at,ch1_0.extracted_prompt from chat_history ch1_0 where ch1_0.d_id=?
2026-03-09 08:24:08.143 [tomcat-handler-3] DEBUG o.s.web.client.RestTemplate - HTTP POST http://localhost:8080/rag/search
2026-03-09 08:24:08.149 [tomcat-handler-3] DEBUG o.s.web.client.RestTemplate - Accept=[application/json, application/*+json]
2026-03-09 08:24:08.151 [tomcat-handler-3] DEBUG o.s.web.client.RestTemplate - Writing [{query=java多线程优势是什么}] as "application/json"
2026-03-09 08:24:08.212 [tomcat-handler-4] INFO  c.e.zcwl.controller.RagController - 向量搜索请求，查询: java多线程优势是什么...
2026-03-09 08:24:08.361 [tomcat-handler-4] DEBUG o.s.web.client.RestTemplate - HTTP POST https://dashscope.aliyuncs.com/compatible-mode/v1/embeddings
2026-03-09 08:24:08.362 [tomcat-handler-4] DEBUG o.s.web.client.RestTemplate - Accept=[application/json, application/*+json]
2026-03-09 08:24:08.363 [tomcat-handler-4] DEBUG o.s.web.client.RestTemplate - Writing [{input=java多线程优势是什么, model=text-embedding-v4}] as "application/json"
2026-03-09 08:24:08.965 [tomcat-handler-4] DEBUG o.s.web.client.RestTemplate - Response 200 OK
2026-03-09 08:24:08.967 [tomcat-handler-4] DEBUG o.s.web.client.RestTemplate - Reading to [java.util.Map<java.lang.String, java.lang.Object>]
2026-03-09 08:24:09.043 [tomcat-handler-4] INFO  c.e.zcwl.service.impl.RagServiceImpl - 开始向量检索，limit: 10
2026-03-09 08:24:09.047 [tomcat-handler-4] INFO  c.e.zcwl.service.impl.RagServiceImpl - 向量字符串长度: 12733
2026-03-09 08:24:09.048 [tomcat-handler-4] INFO  c.e.zcwl.service.impl.RagServiceImpl - 向量前100字符: [-0.057028513,0.030530121,0.04367706,-0.05182817,0.0116861705,-0.027462501,0.013307626,0.065267265,-...
2026-03-09 08:24:09.152 [tomcat-handler-4] DEBUG org.hibernate.SQL - SELECT id, chunk, vector <=> CAST(? AS vector) AS distance FROM doc_rag ORDER BY vector <=> CAST(? AS vector) LIMIT ?
2026-03-09 08:24:09.302 [tomcat-handler-4] INFO  c.e.zcwl.service.impl.RagServiceImpl - 向量检索结果数量: 10
2026-03-09 08:24:09.303 [tomcat-handler-4] INFO  c.e.zcwl.service.impl.RagServiceImpl - 向量检索完成，返回结果数量: 10
2026-03-09 08:24:09.313 [tomcat-handler-3] DEBUG o.s.web.client.RestTemplate - Response 200 OK
2026-03-09 08:24:09.314 [tomcat-handler-3] DEBUG o.s.web.client.RestTemplate - Reading to [java.util.List<java.util.Map<java.lang.String, java.lang.Object>>]
2026-03-09 08:24:11.185 [ForkJoinPool.commonPool-worker-1] DEBUG c.e.z.service.impl.AiChatServiceImpl - 收到AI回答数据块，长度: 2
2026-03-09 08:24:11.190 [ForkJoinPool.commonPool-worker-1] DEBUG c.e.z.service.impl.AiChatServiceImpl - 收到AI回答数据块，长度: 2
2026-03-09 08:24:11.214 [ForkJoinPool.commonPool-worker-1] DEBUG c.e.z.service.impl.AiChatServiceImpl - 收到AI回答数据块，长度: 3
2026-03-09 08:24:11.240 [ForkJoinPool.commonPool-worker-1] DEBUG c.e.z.service.impl.AiChatServiceImpl - 收到AI回答数据块，长度: 8
2026-03-09 08:24:11.316 [ForkJoinPool.commonPool-worker-1] DEBUG c.e.z.service.impl.AiChatServiceImpl - 收到AI回答数据块，长度: 7
2026-03-09 08:24:11.319 [ForkJoinPool.commonPool-worker-1] DEBUG c.e.z.service.impl.AiChatServiceImpl - 收到AI回答数据块，长度: 6
2026-03-09 08:24:11.342 [ForkJoinPool.commonPool-worker-1] DEBUG c.e.z.service.impl.AiChatServiceImpl - 收到AI回答数据块，长度: 10
2026-03-09 08:24:11.378 [ForkJoinPool.commonPool-worker-1] DEBUG c.e.z.service.impl.AiChatServiceImpl - 收到AI回答数据块，长度: 6
2026-03-09 08:24:11.426 [ForkJoinPool.commonPool-worker-1] DEBUG c.e.z.service.impl.AiChatServiceImpl - 收到AI回答数据块，长度: 6
2026-03-09 08:24:11.428 [ForkJoinPool.commonPool-worker-1] DEBUG c.e.z.service.impl.AiChatServiceImpl - 收到AI回答数据块，长度: 2
2026-03-09 08:24:11.502 [ForkJoinPool.commonPool-worker-1] DEBUG c.e.z.service.impl.AiChatServiceImpl - 收到AI回答数据块，长度: 7
2026-03-09 08:24:11.564 [ForkJoinPool.commonPool-worker-1] DEBUG c.e.z.service.impl.AiChatServiceImpl - 收到AI回答数据块，长度: 6
2026-03-09 08:24:11.564 [ForkJoinPool.commonPool-worker-1] DEBUG c.e.z.service.impl.AiChatServiceImpl - 收到AI回答数据块，长度: 1
2026-03-09 08:24:11.686 [ForkJoinPool.commonPool-worker-1] DEBUG c.e.z.service.impl.AiChatServiceImpl - 收到AI回答数据块，长度: 7
2026-03-09 08:24:11.718 [ForkJoinPool.commonPool-worker-1] DEBUG c.e.z.service.impl.AiChatServiceImpl - 收到AI回答数据块，长度: 11
2026-03-09 08:24:11.719 [task-15] DEBUG c.e.z.service.impl.AiChatServiceImpl - 收到AI回答数据块，长度: 1
2026-03-09 08:24:11.734 [ForkJoinPool.commonPool-worker-1] DEBUG c.e.z.service.impl.AiChatServiceImpl - 收到AI回答数据块，长度: 9
2026-03-09 08:24:11.768 [ForkJoinPool.commonPool-worker-1] DEBUG c.e.z.service.impl.AiChatServiceImpl - 收到AI回答数据块，长度: 7
2026-03-09 08:24:11.811 [ForkJoinPool.commonPool-worker-1] DEBUG c.e.z.service.impl.AiChatServiceImpl - 收到AI回答数据块，长度: 5
2026-03-09 08:24:11.812 [task-19] DEBUG c.e.z.service.impl.AiChatServiceImpl - 收到AI回答数据块，长度: 3
2026-03-09 08:24:11.872 [ForkJoinPool.commonPool-worker-1] DEBUG c.e.z.service.impl.AiChatServiceImpl - 收到AI回答数据块，长度: 8
2026-03-09 08:24:11.875 [ForkJoinPool.commonPool-worker-1] DEBUG c.e.z.service.impl.AiChatServiceImpl - 收到AI回答数据块，长度: 3
2026-03-09 08:24:11.947 [ForkJoinPool.commonPool-worker-1] DEBUG c.e.z.service.impl.AiChatServiceImpl - 收到AI回答数据块，长度: 6
2026-03-09 08:24:11.949 [task-23] DEBUG c.e.z.service.impl.AiChatServiceImpl - 收到AI回答数据块，长度: 1
2026-03-09 08:24:12.011 [ForkJoinPool.commonPool-worker-1] DEBUG c.e.z.service.impl.AiChatServiceImpl - 收到AI回答数据块，长度: 5
2026-03-09 08:24:12.054 [ForkJoinPool.commonPool-worker-1] DEBUG c.e.z.service.impl.AiChatServiceImpl - 收到AI回答数据块，长度: 6
2026-03-09 08:24:12.080 [ForkJoinPool.commonPool-worker-1] DEBUG c.e.z.service.impl.AiChatServiceImpl - 收到AI回答数据块，长度: 6
2026-03-09 08:24:12.155 [ForkJoinPool.commonPool-worker-1] DEBUG c.e.z.service.impl.AiChatServiceImpl - 收到AI回答数据块，长度: 8
2026-03-09 08:24:12.159 [ForkJoinPool.commonPool-worker-1] DEBUG c.e.z.service.impl.AiChatServiceImpl - 收到AI回答数据块，长度: 1
2026-03-09 08:24:12.169 [ForkJoinPool.commonPool-worker-1] DEBUG c.e.z.service.impl.AiChatServiceImpl - 收到AI回答数据块，长度: 9
2026-03-09 08:24:12.243 [ForkJoinPool.commonPool-worker-1] DEBUG c.e.z.service.impl.AiChatServiceImpl - 收到AI回答数据块，长度: 6
2026-03-09 08:24:12.247 [ForkJoinPool.commonPool-worker-1] DEBUG c.e.z.service.impl.AiChatServiceImpl - 收到AI回答数据块，长度: 2
2026-03-09 08:24:12.276 [ForkJoinPool.commonPool-worker-1] DEBUG c.e.z.service.impl.AiChatServiceImpl - 收到AI回答数据块，长度: 6
2026-03-09 08:24:12.279 [ForkJoinPool.commonPool-worker-1] DEBUG c.e.z.service.impl.AiChatServiceImpl - 收到AI回答数据块，长度: 2
2026-03-09 08:24:12.437 [ForkJoinPool.commonPool-worker-1] DEBUG c.e.z.service.impl.AiChatServiceImpl - 收到AI回答数据块，长度: 8
2026-03-09 08:24:12.439 [ForkJoinPool.commonPool-worker-1] DEBUG c.e.z.service.impl.AiChatServiceImpl - 收到AI回答数据块，长度: 2
2026-03-09 08:24:12.442 [ForkJoinPool.commonPool-worker-1] DEBUG c.e.z.service.impl.AiChatServiceImpl - 收到AI回答数据块，长度: 6
2026-03-09 08:24:12.461 [ForkJoinPool.commonPool-worker-1] DEBUG c.e.z.service.impl.AiChatServiceImpl - 收到AI回答数据块，长度: 5
2026-03-09 08:24:12.465 [ForkJoinPool.commonPool-worker-1] DEBUG c.e.z.service.impl.AiChatServiceImpl - 收到AI回答数据块，长度: 1
2026-03-09 08:24:12.534 [ForkJoinPool.commonPool-worker-1] DEBUG c.e.z.service.impl.AiChatServiceImpl - 收到AI回答数据块，长度: 8
2026-03-09 08:24:12.537 [ForkJoinPool.commonPool-worker-1] DEBUG c.e.z.service.impl.AiChatServiceImpl - 收到AI回答数据块，长度: 1
2026-03-09 08:24:12.594 [ForkJoinPool.commonPool-worker-1] DEBUG c.e.z.service.impl.AiChatServiceImpl - 收到AI回答数据块，长度: 7
2026-03-09 08:24:12.671 [ForkJoinPool.commonPool-worker-1] DEBUG c.e.z.service.impl.AiChatServiceImpl - 收到AI回答数据块，长度: 8
2026-03-09 08:24:12.674 [ForkJoinPool.commonPool-worker-1] DEBUG c.e.z.service.impl.AiChatServiceImpl - 收到AI回答数据块，长度: 4
2026-03-09 08:24:12.693 [ForkJoinPool.commonPool-worker-1] DEBUG c.e.z.service.impl.AiChatServiceImpl - 收到AI回答数据块，长度: 7
2026-03-09 08:24:12.727 [ForkJoinPool.commonPool-worker-1] DEBUG c.e.z.service.impl.AiChatServiceImpl - 收到AI回答数据块，长度: 7
2026-03-09 08:24:12.788 [ForkJoinPool.commonPool-worker-1] DEBUG c.e.z.service.impl.AiChatServiceImpl - 收到AI回答数据块，长度: 7
2026-03-09 08:24:12.851 [ForkJoinPool.commonPool-worker-1] DEBUG c.e.z.service.impl.AiChatServiceImpl - 收到AI回答数据块，长度: 7
2026-03-09 08:24:13.173 [ForkJoinPool.commonPool-worker-1] DEBUG c.e.z.service.impl.AiChatServiceImpl - 收到AI回答数据块，长度: 4
2026-03-09 08:24:13.245 [ForkJoinPool.commonPool-worker-1] DEBUG c.e.z.service.impl.AiChatServiceImpl - 收到AI回答数据块，长度: 7
2026-03-09 08:24:13.245 [ForkJoinPool.commonPool-worker-1] DEBUG c.e.z.service.impl.AiChatServiceImpl - 收到AI回答数据块，长度: 3
2026-03-09 08:24:13.398 [ForkJoinPool.commonPool-worker-1] DEBUG c.e.z.service.impl.AiChatServiceImpl - 收到AI回答数据块，长度: 8
2026-03-09 08:24:13.399 [task-52] DEBUG c.e.z.service.impl.AiChatServiceImpl - 收到AI回答数据块，长度: 2
2026-03-09 08:24:13.418 [ForkJoinPool.commonPool-worker-1] DEBUG c.e.z.service.impl.AiChatServiceImpl - 收到AI回答数据块，长度: 9
2026-03-09 08:24:13.418 [task-54] DEBUG c.e.z.service.impl.AiChatServiceImpl - 收到AI回答数据块，长度: 2
2026-03-09 08:24:13.498 [ForkJoinPool.commonPool-worker-1] DEBUG c.e.z.service.impl.AiChatServiceImpl - 收到AI回答数据块，长度: 5
2026-03-09 08:24:13.585 [ForkJoinPool.commonPool-worker-1] DEBUG c.e.z.service.impl.AiChatServiceImpl - 收到AI回答数据块，长度: 8
2026-03-09 08:24:13.587 [ForkJoinPool.commonPool-worker-1] DEBUG c.e.z.service.impl.AiChatServiceImpl - 收到AI回答数据块，长度: 1
2026-03-09 08:24:13.651 [ForkJoinPool.commonPool-worker-1] DEBUG c.e.z.service.impl.AiChatServiceImpl - 收到AI回答数据块，长度: 13
2026-03-09 08:24:13.655 [ForkJoinPool.commonPool-worker-1] DEBUG c.e.z.service.impl.AiChatServiceImpl - 收到AI回答数据块，长度: 2
2026-03-09 08:24:13.664 [ForkJoinPool.commonPool-worker-1] DEBUG c.e.z.service.impl.AiChatServiceImpl - 收到AI回答数据块，长度: 3
2026-03-09 08:24:13.830 [pool-3-thread-1] INFO  c.e.z.service.impl.AiChatServiceImpl - 流式回答结束，保存完整回答到数据库，长度: 323
2026-03-09 08:24:13.878 [pool-3-thread-1] DEBUG org.hibernate.SQL - select d1_0.d_id,d1_0.d_abstract,d1_0.qa_times,d1_0.u_id from dialog d1_0 where d1_0.d_id=?
2026-03-09 08:24:13.968 [pool-3-thread-1] DEBUG org.hibernate.SQL - select qa1_0.d_id,qa1_0.times,qa1_0.ans,qa1_0.date,qa1_0.que from que_ans qa1_0 where (qa1_0.d_id,qa1_0.times) in ((?,?))
2026-03-09 08:24:14.033 [pool-3-thread-1] DEBUG org.hibernate.SQL - insert into que_ans (ans,date,que,d_id,times) values (?,?,?,?,?)
2026-03-09 08:24:14.117 [pool-3-thread-1] DEBUG org.hibernate.SQL - select d1_0.d_id,d1_0.d_abstract,d1_0.qa_times,d1_0.u_id from dialog d1_0 where d1_0.d_id=?
2026-03-09 08:24:14.168 [pool-3-thread-1] DEBUG org.hibernate.SQL - update dialog set d_abstract=?,qa_times=?,u_id=? where d_id=?
2026-03-09 08:24:14.808 [pool-3-thread-1] ERROR c.e.z.service.impl.AiChatServiceImpl - Redis缓存删除错误: Unable to connect to Redis
org.springframework.data.redis.RedisConnectionFailureException: Unable to connect to Redis
	at org.springframework.data.redis.connection.lettuce.LettuceConnectionFactory$ExceptionTranslatingConnectionProvider.translateException(LettuceConnectionFactory.java:1868)
	at org.springframework.data.redis.connection.lettuce.LettuceConnectionFactory$ExceptionTranslatingConnectionProvider.getConnection(LettuceConnectionFactory.java:1799)
	at org.springframework.data.redis.connection.lettuce.LettuceConnectionFactory$SharedConnection.getNativeConnection(LettuceConnectionFactory.java:1596)
	at org.springframework.data.redis.connection.lettuce.LettuceConnectionFactory$SharedConnection.lambda$getConnection$0(LettuceConnectionFactory.java:1576)
	at org.springframework.data.redis.connection.lettuce.LettuceConnectionFactory.doInLock(LettuceConnectionFactory.java:1537)
	at org.springframework.data.redis.connection.lettuce.LettuceConnectionFactory$SharedConnection.getConnection(LettuceConnectionFactory.java:1573)
	at org.springframework.data.redis.connection.lettuce.LettuceConnectionFactory.getSharedConnection(LettuceConnectionFactory.java:1258)
	at org.springframework.data.redis.connection.lettuce.LettuceConnectionFactory.getConnection(LettuceConnectionFactory.java:1054)
	at org.springframework.data.redis.core.RedisConnectionUtils.fetchConnection(RedisConnectionUtils.java:195)
	at org.springframework.data.redis.core.RedisConnectionUtils.doGetConnection(RedisConnectionUtils.java:144)
	at org.springframework.data.redis.core.RedisConnectionUtils.getConnection(RedisConnectionUtils.java:105)
	at org.springframework.data.redis.core.RedisTemplate.execute(RedisTemplate.java:400)
	at org.springframework.data.redis.core.RedisTemplate.execute(RedisTemplate.java:380)
	at org.springframework.data.redis.core.RedisTemplate.doWithKeys(RedisTemplate.java:803)
	at org.springframework.data.redis.core.RedisTemplate.delete(RedisTemplate.java:598)
	at com.example.zcwl.service.impl.AiChatServiceImpl.saveChatMessageWithoutTransaction(AiChatServiceImpl.java:337)
	at com.example.zcwl.service.impl.AiChatServiceImpl.lambda$addChatMessageStream$2(AiChatServiceImpl.java:294)
	at java.base/java.util.concurrent.CompletableFuture$AsyncRun.run(CompletableFuture.java:1825)
	at java.base/java.util.concurrent.ThreadPoolExecutor.runWorker(ThreadPoolExecutor.java:1090)
	at java.base/java.util.concurrent.ThreadPoolExecutor$Worker.run(ThreadPoolExecutor.java:614)
	at java.base/java.lang.Thread.run(Thread.java:1474)
Caused by: io.lettuce.core.RedisConnectionException: Unable to connect to localhost/<unresolved>:6379
	at io.lettuce.core.RedisConnectionException.create(RedisConnectionException.java:63)
	at io.lettuce.core.RedisConnectionException.create(RedisConnectionException.java:41)
	at io.lettuce.core.AbstractRedisClient.getConnection(AbstractRedisClient.java:352)
	at io.lettuce.core.RedisClient.connect(RedisClient.java:220)
	at org.springframework.data.redis.connection.lettuce.StandaloneConnectionProvider.lambda$getConnection$1(StandaloneConnectionProvider.java:113)
	at java.base/java.util.Optional.orElseGet(Optional.java:364)
	at org.springframework.data.redis.connection.lettuce.StandaloneConnectionProvider.getConnection(StandaloneConnectionProvider.java:113)
	at org.springframework.data.redis.connection.lettuce.LettuceConnectionFactory$ExceptionTranslatingConnectionProvider.getConnection(LettuceConnectionFactory.java:1797)
	... 19 common frames omitted
Caused by: io.netty.channel.AbstractChannel$AnnotatedConnectException: Connection refused: getsockopt: localhost/127.0.0.1:6379
Caused by: java.net.ConnectException: Connection refused: getsockopt
	at java.base/sun.nio.ch.Net.pollConnect(Native Method)
	at java.base/sun.nio.ch.Net.pollConnectNow(Net.java:639)
	at java.base/sun.nio.ch.SocketChannelImpl.finishConnect(SocketChannelImpl.java:1046)
	at io.netty.channel.socket.nio.NioSocketChannel.doFinishConnect(NioSocketChannel.java:336)
	at io.netty.channel.nio.AbstractNioChannel$AbstractNioUnsafe.finishConnect(AbstractNioChannel.java:339)
	at io.netty.channel.nio.NioEventLoop.processSelectedKey(NioEventLoop.java:784)
	at io.netty.channel.nio.NioEventLoop.processSelectedKeysOptimized(NioEventLoop.java:732)
	at io.netty.channel.nio.NioEventLoop.processSelectedKeys(NioEventLoop.java:658)
	at io.netty.channel.nio.NioEventLoop.run(NioEventLoop.java:562)
	at io.netty.util.concurrent.SingleThreadEventExecutor$4.run(SingleThreadEventExecutor.java:998)
	at io.netty.util.internal.ThreadExecutorMap$2.run(ThreadExecutorMap.java:74)
	at io.netty.util.concurrent.FastThreadLocalRunnable.run(FastThreadLocalRunnable.java:30)
	at java.base/java.lang.Thread.run(Thread.java:1474)
2026-03-09 08:24:16.393 [tomcat-handler-8] DEBUG org.hibernate.SQL - select d1_0.doc_id,d1_0.doc_name,d1_0.icon,d1_0.summary from doc d1_0 where d1_0.doc_id=?
2026-03-09 08:24:16.483 [tomcat-handler-8] DEBUG org.hibernate.SQL - select dc1_0.chapter_id,dc1_0.doc_id,dc1_0.content,dc1_0.name from doc_contents dc1_0 where dc1_0.doc_id=?
2026-03-09 08:24:16.706 [tomcat-handler-9] DEBUG org.hibernate.SQL - select d1_0.doc_id,d1_0.doc_name,d1_0.icon,d1_0.summary from doc d1_0 where d1_0.doc_id=?
2026-03-09 08:24:16.790 [tomcat-handler-9] DEBUG org.hibernate.SQL - select dc1_0.chapter_id,dc1_0.doc_id,dc1_0.content,dc1_0.name from doc_contents dc1_0 where dc1_0.doc_id=?
2026-03-09 08:24:19.511 [tomcat-handler-13] DEBUG org.hibernate.SQL - select dc1_0.chapter_id,dc1_0.doc_id,dc1_0.content,dc1_0.name from doc_contents dc1_0 where (dc1_0.chapter_id,dc1_0.doc_id) in ((?,?))
2026-03-09 08:24:19.515 [tomcat-handler-10] DEBUG org.hibernate.SQL - select d1_0.doc_id,d1_0.doc_name,d1_0.icon,d1_0.summary from doc d1_0 where d1_0.doc_id=?
2026-03-09 08:24:19.596 [tomcat-handler-10] DEBUG org.hibernate.SQL - select dc1_0.chapter_id,dc1_0.doc_id,dc1_0.content,dc1_0.name from doc_contents dc1_0 where dc1_0.doc_id=?
2026-03-09 08:24:19.626 [tomcat-handler-14] DEBUG org.hibernate.SQL - select dc1_0.chapter_id,dc1_0.doc_id,dc1_0.content,dc1_0.name from doc_contents dc1_0 where (dc1_0.chapter_id,dc1_0.doc_id) in ((?,?))
2026-03-09 08:24:19.768 [tomcat-handler-15] DEBUG org.hibernate.SQL - select d1_0.doc_id,d1_0.doc_name,d1_0.icon,d1_0.summary from doc d1_0 where d1_0.doc_id=?
2026-03-09 08:24:19.866 [tomcat-handler-15] DEBUG org.hibernate.SQL - select dc1_0.chapter_id,dc1_0.doc_id,dc1_0.content,dc1_0.name from doc_contents dc1_0 where dc1_0.doc_id=?
2026-03-09 08:24:34.397 [tomcat-handler-17] DEBUG org.hibernate.SQL - select u1_0.u_id,u1_0.avatar,u1_0.email,u1_0.name,u1_0.password from users u1_0 where u1_0.name=?
2026-03-09 08:24:34.483 [tomcat-handler-17] DEBUG org.hibernate.SQL - select d1_0.d_id,d1_0.d_abstract,d1_0.qa_times,d1_0.u_id,u1_0.u_id,u1_0.avatar,u1_0.email,u1_0.name,u1_0.password from dialog d1_0 join users u1_0 on u1_0.u_id=d1_0.u_id where d1_0.d_id=?
2026-03-09 08:24:34.524 [tomcat-handler-17] INFO  c.e.z.service.impl.AiChatServiceImpl - 开始调用AI流式API，对话ID: 447, 问题: 多线程的挑战...
2026-03-09 08:24:34.526 [tomcat-handler-17] DEBUG org.hibernate.SQL - select qa1_0.d_id,qa1_0.times,qa1_0.ans,qa1_0.date,qa1_0.que from que_ans qa1_0 where qa1_0.d_id=?
2026-03-09 08:24:34.571 [tomcat-handler-17] DEBUG org.hibernate.SQL - select ch1_0.d_id,ch1_0.created_at,ch1_0.extracted_prompt from chat_history ch1_0 where ch1_0.d_id=?
2026-03-09 08:24:34.613 [tomcat-handler-17] DEBUG o.s.web.client.RestTemplate - HTTP POST http://localhost:8080/rag/search
2026-03-09 08:24:34.613 [tomcat-handler-17] DEBUG o.s.web.client.RestTemplate - Accept=[application/json, application/*+json]
2026-03-09 08:24:34.613 [tomcat-handler-17] DEBUG o.s.web.client.RestTemplate - Writing [{query=多线程的挑战}] as "application/json"
2026-03-09 08:24:34.623 [tomcat-handler-18] INFO  c.e.zcwl.controller.RagController - 向量搜索请求，查询: 多线程的挑战...
2026-03-09 08:24:34.624 [tomcat-handler-18] DEBUG o.s.web.client.RestTemplate - HTTP POST https://dashscope.aliyuncs.com/compatible-mode/v1/embeddings
2026-03-09 08:24:34.625 [tomcat-handler-18] DEBUG o.s.web.client.RestTemplate - Accept=[application/json, application/*+json]
2026-03-09 08:24:34.625 [tomcat-handler-18] DEBUG o.s.web.client.RestTemplate - Writing [{input=多线程的挑战, model=text-embedding-v4}] as "application/json"
2026-03-09 08:24:34.949 [tomcat-handler-18] DEBUG o.s.web.client.RestTemplate - Response 200 OK
2026-03-09 08:24:34.950 [tomcat-handler-18] DEBUG o.s.web.client.RestTemplate - Reading to [java.util.Map<java.lang.String, java.lang.Object>]
2026-03-09 08:24:34.957 [tomcat-handler-18] INFO  c.e.zcwl.service.impl.RagServiceImpl - 开始向量检索，limit: 10
2026-03-09 08:24:34.958 [tomcat-handler-18] INFO  c.e.zcwl.service.impl.RagServiceImpl - 向量字符串长度: 12772
2026-03-09 08:24:34.958 [tomcat-handler-18] INFO  c.e.zcwl.service.impl.RagServiceImpl - 向量前100字符: [-0.0536123,0.0068276096,0.020849228,-7.101423E-4,0.035016615,-0.022771832,0.083964236,0.056480445,0...
2026-03-09 08:24:34.960 [tomcat-handler-18] DEBUG org.hibernate.SQL - SELECT id, chunk, vector <=> CAST(? AS vector) AS distance FROM doc_rag ORDER BY vector <=> CAST(? AS vector) LIMIT ?
2026-03-09 08:24:35.009 [tomcat-handler-18] INFO  c.e.zcwl.service.impl.RagServiceImpl - 向量检索结果数量: 10
2026-03-09 08:24:35.009 [tomcat-handler-18] INFO  c.e.zcwl.service.impl.RagServiceImpl - 向量检索完成，返回结果数量: 10
2026-03-09 08:24:35.012 [tomcat-handler-17] DEBUG o.s.web.client.RestTemplate - Response 200 OK
2026-03-09 08:24:35.012 [tomcat-handler-17] DEBUG o.s.web.client.RestTemplate - Reading to [java.util.List<java.util.Map<java.lang.String, java.lang.Object>>]
2026-03-09 08:24:35.993 [ForkJoinPool.commonPool-worker-1] DEBUG c.e.z.service.impl.AiChatServiceImpl - 收到AI回答数据块，长度: 2
2026-03-09 08:24:36.006 [ForkJoinPool.commonPool-worker-1] DEBUG c.e.z.service.impl.AiChatServiceImpl - 收到AI回答数据块，长度: 7
2026-03-09 08:24:36.023 [ForkJoinPool.commonPool-worker-1] DEBUG c.e.z.service.impl.AiChatServiceImpl - 收到AI回答数据块，长度: 7
2026-03-09 08:24:36.068 [ForkJoinPool.commonPool-worker-1] DEBUG c.e.z.service.impl.AiChatServiceImpl - 收到AI回答数据块，长度: 3
2026-03-09 08:24:36.097 [ForkJoinPool.commonPool-worker-1] DEBUG c.e.z.service.impl.AiChatServiceImpl - 收到AI回答数据块，长度: 9
2026-03-09 08:24:36.166 [ForkJoinPool.commonPool-worker-1] DEBUG c.e.z.service.impl.AiChatServiceImpl - 收到AI回答数据块，长度: 8
2026-03-09 08:24:36.168 [ForkJoinPool.commonPool-worker-1] DEBUG c.e.z.service.impl.AiChatServiceImpl - 收到AI回答数据块，长度: 2
2026-03-09 08:24:36.197 [ForkJoinPool.commonPool-worker-1] DEBUG c.e.z.service.impl.AiChatServiceImpl - 收到AI回答数据块，长度: 8
2026-03-09 08:24:36.202 [ForkJoinPool.commonPool-worker-1] DEBUG c.e.z.service.impl.AiChatServiceImpl - 收到AI回答数据块，长度: 2
2026-03-09 08:24:36.239 [ForkJoinPool.commonPool-worker-1] DEBUG c.e.z.service.impl.AiChatServiceImpl - 收到AI回答数据块，长度: 6
2026-03-09 08:24:36.274 [ForkJoinPool.commonPool-worker-1] DEBUG c.e.z.service.impl.AiChatServiceImpl - 收到AI回答数据块，长度: 7
2026-03-09 08:24:36.275 [ForkJoinPool.commonPool-worker-1] DEBUG c.e.z.service.impl.AiChatServiceImpl - 收到AI回答数据块，长度: 4
2026-03-09 08:24:36.342 [ForkJoinPool.commonPool-worker-1] DEBUG c.e.z.service.impl.AiChatServiceImpl - 收到AI回答数据块，长度: 7
2026-03-09 08:24:36.343 [task-75] DEBUG c.e.z.service.impl.AiChatServiceImpl - 收到AI回答数据块，长度: 3
2026-03-09 08:24:36.397 [ForkJoinPool.commonPool-worker-1] DEBUG c.e.z.service.impl.AiChatServiceImpl - 收到AI回答数据块，长度: 7
2026-03-09 08:24:36.491 [ForkJoinPool.commonPool-worker-1] DEBUG c.e.z.service.impl.AiChatServiceImpl - 收到AI回答数据块，长度: 6
2026-03-09 08:24:36.493 [ForkJoinPool.commonPool-worker-1] DEBUG c.e.z.service.impl.AiChatServiceImpl - 收到AI回答数据块，长度: 7
2026-03-09 08:24:36.497 [ForkJoinPool.commonPool-worker-1] DEBUG c.e.z.service.impl.AiChatServiceImpl - 收到AI回答数据块，长度: 4
2026-03-09 08:24:36.544 [ForkJoinPool.commonPool-worker-1] DEBUG c.e.z.service.impl.AiChatServiceImpl - 收到AI回答数据块，长度: 6
2026-03-09 08:24:36.547 [ForkJoinPool.commonPool-worker-1] DEBUG c.e.z.service.impl.AiChatServiceImpl - 收到AI回答数据块，长度: 4
2026-03-09 08:24:36.551 [ForkJoinPool.commonPool-worker-1] DEBUG c.e.z.service.impl.AiChatServiceImpl - 收到AI回答数据块，长度: 6
2026-03-09 08:24:36.618 [ForkJoinPool.commonPool-worker-1] DEBUG c.e.z.service.impl.AiChatServiceImpl - 收到AI回答数据块，长度: 7
2026-03-09 08:24:36.650 [ForkJoinPool.commonPool-worker-1] DEBUG c.e.z.service.impl.AiChatServiceImpl - 收到AI回答数据块，长度: 8
2026-03-09 08:24:36.748 [ForkJoinPool.commonPool-worker-1] DEBUG c.e.z.service.impl.AiChatServiceImpl - 收到AI回答数据块，长度: 6
2026-03-09 08:24:36.838 [ForkJoinPool.commonPool-worker-1] DEBUG c.e.z.service.impl.AiChatServiceImpl - 收到AI回答数据块，长度: 5
2026-03-09 08:24:36.868 [ForkJoinPool.commonPool-worker-1] DEBUG c.e.z.service.impl.AiChatServiceImpl - 收到AI回答数据块，长度: 6
2026-03-09 08:24:36.871 [ForkJoinPool.commonPool-worker-1] DEBUG c.e.z.service.impl.AiChatServiceImpl - 收到AI回答数据块，长度: 2
2026-03-09 08:24:36.934 [ForkJoinPool.commonPool-worker-1] DEBUG c.e.z.service.impl.AiChatServiceImpl - 收到AI回答数据块，长度: 9
2026-03-09 08:24:36.939 [ForkJoinPool.commonPool-worker-1] DEBUG c.e.z.service.impl.AiChatServiceImpl - 收到AI回答数据块，长度: 1
2026-03-09 08:24:36.960 [ForkJoinPool.commonPool-worker-1] DEBUG c.e.z.service.impl.AiChatServiceImpl - 收到AI回答数据块，长度: 8
2026-03-09 08:24:36.990 [ForkJoinPool.commonPool-worker-1] DEBUG c.e.z.service.impl.AiChatServiceImpl - 收到AI回答数据块，长度: 6
2026-03-09 08:24:37.020 [ForkJoinPool.commonPool-worker-1] DEBUG c.e.z.service.impl.AiChatServiceImpl - 收到AI回答数据块，长度: 3
2026-03-09 08:24:37.025 [ForkJoinPool.commonPool-worker-1] DEBUG c.e.z.service.impl.AiChatServiceImpl - 收到AI回答数据块，长度: 3
2026-03-09 08:24:37.095 [ForkJoinPool.commonPool-worker-1] DEBUG c.e.z.service.impl.AiChatServiceImpl - 收到AI回答数据块，长度: 7
2026-03-09 08:24:37.187 [ForkJoinPool.commonPool-worker-1] DEBUG c.e.z.service.impl.AiChatServiceImpl - 收到AI回答数据块，长度: 7
2026-03-09 08:24:37.210 [ForkJoinPool.commonPool-worker-1] DEBUG c.e.z.service.impl.AiChatServiceImpl - 收到AI回答数据块，长度: 1
2026-03-09 08:24:37.219 [ForkJoinPool.commonPool-worker-1] DEBUG c.e.z.service.impl.AiChatServiceImpl - 收到AI回答数据块，长度: 8
2026-03-09 08:24:37.223 [ForkJoinPool.commonPool-worker-1] DEBUG c.e.z.service.impl.AiChatServiceImpl - 收到AI回答数据块，长度: 3
2026-03-09 08:24:37.345 [ForkJoinPool.commonPool-worker-1] DEBUG c.e.z.service.impl.AiChatServiceImpl - 收到AI回答数据块，长度: 7
2026-03-09 08:24:37.346 [ForkJoinPool.commonPool-worker-1] DEBUG c.e.z.service.impl.AiChatServiceImpl - 收到AI回答数据块，长度: 7
2026-03-09 08:24:37.364 [ForkJoinPool.commonPool-worker-1] DEBUG c.e.z.service.impl.AiChatServiceImpl - 收到AI回答数据块，长度: 9
2026-03-09 08:24:37.550 [ForkJoinPool.commonPool-worker-1] DEBUG c.e.z.service.impl.AiChatServiceImpl - 收到AI回答数据块，长度: 5
2026-03-09 08:24:37.552 [ForkJoinPool.commonPool-worker-1] DEBUG c.e.z.service.impl.AiChatServiceImpl - 收到AI回答数据块，长度: 3
2026-03-09 08:24:37.630 [ForkJoinPool.commonPool-worker-1] DEBUG c.e.z.service.impl.AiChatServiceImpl - 收到AI回答数据块，长度: 8
2026-03-09 08:24:37.679 [ForkJoinPool.commonPool-worker-1] DEBUG c.e.z.service.impl.AiChatServiceImpl - 收到AI回答数据块，长度: 7
2026-03-09 08:24:37.681 [ForkJoinPool.commonPool-worker-1] DEBUG c.e.z.service.impl.AiChatServiceImpl - 收到AI回答数据块，长度: 1
2026-03-09 08:24:37.789 [ForkJoinPool.commonPool-worker-1] DEBUG c.e.z.service.impl.AiChatServiceImpl - 收到AI回答数据块，长度: 8
2026-03-09 08:24:37.792 [ForkJoinPool.commonPool-worker-1] DEBUG c.e.z.service.impl.AiChatServiceImpl - 收到AI回答数据块，长度: 3
2026-03-09 08:24:37.816 [ForkJoinPool.commonPool-worker-1] DEBUG c.e.z.service.impl.AiChatServiceImpl - 收到AI回答数据块，长度: 7
2026-03-09 08:24:37.817 [ForkJoinPool.commonPool-worker-1] DEBUG c.e.z.service.impl.AiChatServiceImpl - 收到AI回答数据块，长度: 2
2026-03-09 08:24:37.921 [ForkJoinPool.commonPool-worker-1] DEBUG c.e.z.service.impl.AiChatServiceImpl - 收到AI回答数据块，长度: 8
2026-03-09 08:24:37.923 [ForkJoinPool.commonPool-worker-1] DEBUG c.e.z.service.impl.AiChatServiceImpl - 收到AI回答数据块，长度: 2
2026-03-09 08:24:37.927 [ForkJoinPool.commonPool-worker-1] DEBUG c.e.z.service.impl.AiChatServiceImpl - 收到AI回答数据块，长度: 5
2026-03-09 08:24:37.977 [ForkJoinPool.commonPool-worker-1] DEBUG c.e.z.service.impl.AiChatServiceImpl - 收到AI回答数据块，长度: 6
2026-03-09 08:24:37.994 [ForkJoinPool.commonPool-worker-1] DEBUG c.e.z.service.impl.AiChatServiceImpl - 收到AI回答数据块，长度: 2
2026-03-09 08:24:38.057 [ForkJoinPool.commonPool-worker-1] DEBUG c.e.z.service.impl.AiChatServiceImpl - 收到AI回答数据块，长度: 7
2026-03-09 08:24:38.112 [ForkJoinPool.commonPool-worker-1] DEBUG c.e.z.service.impl.AiChatServiceImpl - 收到AI回答数据块，长度: 5
2026-03-09 08:24:38.211 [ForkJoinPool.commonPool-worker-1] DEBUG c.e.z.service.impl.AiChatServiceImpl - 收到AI回答数据块，长度: 6
2026-03-09 08:24:38.270 [ForkJoinPool.commonPool-worker-1] DEBUG c.e.z.service.impl.AiChatServiceImpl - 收到AI回答数据块，长度: 6
2026-03-09 08:24:38.273 [ForkJoinPool.commonPool-worker-1] DEBUG c.e.z.service.impl.AiChatServiceImpl - 收到AI回答数据块，长度: 1
2026-03-09 08:24:38.348 [ForkJoinPool.commonPool-worker-1] DEBUG c.e.z.service.impl.AiChatServiceImpl - 收到AI回答数据块，长度: 7
2026-03-09 08:24:38.510 [pool-4-thread-1] INFO  c.e.z.service.impl.AiChatServiceImpl - 流式回答结束，保存完整回答到数据库，长度: 327
2026-03-09 08:24:38.552 [pool-4-thread-1] DEBUG org.hibernate.SQL - select d1_0.d_id,d1_0.d_abstract,d1_0.qa_times,d1_0.u_id from dialog d1_0 where d1_0.d_id=?
2026-03-09 08:24:38.635 [pool-4-thread-1] DEBUG org.hibernate.SQL - select qa1_0.d_id,qa1_0.times,qa1_0.ans,qa1_0.date,qa1_0.que from que_ans qa1_0 where (qa1_0.d_id,qa1_0.times) in ((?,?))
2026-03-09 08:24:38.679 [pool-4-thread-1] DEBUG org.hibernate.SQL - insert into que_ans (ans,date,que,d_id,times) values (?,?,?,?,?)
2026-03-09 08:24:38.776 [pool-4-thread-1] DEBUG org.hibernate.SQL - select d1_0.d_id,d1_0.d_abstract,d1_0.qa_times,d1_0.u_id from dialog d1_0 where d1_0.d_id=?
2026-03-09 08:24:38.819 [pool-4-thread-1] DEBUG org.hibernate.SQL - update dialog set d_abstract=?,qa_times=?,u_id=? where d_id=?
2026-03-09 08:24:38.904 [pool-4-thread-1] ERROR c.e.z.service.impl.AiChatServiceImpl - Redis缓存删除错误: Unable to connect to Redis
org.springframework.data.redis.RedisConnectionFailureException: Unable to connect to Redis
	at org.springframework.data.redis.connection.lettuce.LettuceConnectionFactory$ExceptionTranslatingConnectionProvider.translateException(LettuceConnectionFactory.java:1868)
	at org.springframework.data.redis.connection.lettuce.LettuceConnectionFactory$ExceptionTranslatingConnectionProvider.getConnection(LettuceConnectionFactory.java:1799)
	at org.springframework.data.redis.connection.lettuce.LettuceConnectionFactory$SharedConnection.getNativeConnection(LettuceConnectionFactory.java:1596)
	at org.springframework.data.redis.connection.lettuce.LettuceConnectionFactory$SharedConnection.lambda$getConnection$0(LettuceConnectionFactory.java:1576)
	at org.springframework.data.redis.connection.lettuce.LettuceConnectionFactory.doInLock(LettuceConnectionFactory.java:1537)
	at org.springframework.data.redis.connection.lettuce.LettuceConnectionFactory$SharedConnection.getConnection(LettuceConnectionFactory.java:1573)
	at org.springframework.data.redis.connection.lettuce.LettuceConnectionFactory.getSharedConnection(LettuceConnectionFactory.java:1258)
	at org.springframework.data.redis.connection.lettuce.LettuceConnectionFactory.getConnection(LettuceConnectionFactory.java:1054)
	at org.springframework.data.redis.core.RedisConnectionUtils.fetchConnection(RedisConnectionUtils.java:195)
	at org.springframework.data.redis.core.RedisConnectionUtils.doGetConnection(RedisConnectionUtils.java:144)
	at org.springframework.data.redis.core.RedisConnectionUtils.getConnection(RedisConnectionUtils.java:105)
	at org.springframework.data.redis.core.RedisTemplate.execute(RedisTemplate.java:400)
	at org.springframework.data.redis.core.RedisTemplate.execute(RedisTemplate.java:380)
	at org.springframework.data.redis.core.RedisTemplate.doWithKeys(RedisTemplate.java:803)
	at org.springframework.data.redis.core.RedisTemplate.delete(RedisTemplate.java:598)
	at com.example.zcwl.service.impl.AiChatServiceImpl.saveChatMessageWithoutTransaction(AiChatServiceImpl.java:337)
	at com.example.zcwl.service.impl.AiChatServiceImpl.lambda$addChatMessageStream$2(AiChatServiceImpl.java:294)
	at java.base/java.util.concurrent.CompletableFuture$AsyncRun.run(CompletableFuture.java:1825)
	at java.base/java.util.concurrent.ThreadPoolExecutor.runWorker(ThreadPoolExecutor.java:1090)
	at java.base/java.util.concurrent.ThreadPoolExecutor$Worker.run(ThreadPoolExecutor.java:614)
	at java.base/java.lang.Thread.run(Thread.java:1474)
Caused by: io.lettuce.core.RedisConnectionException: Unable to connect to localhost/<unresolved>:6379
	at io.lettuce.core.RedisConnectionException.create(RedisConnectionException.java:63)
	at io.lettuce.core.RedisConnectionException.create(RedisConnectionException.java:41)
	at io.lettuce.core.AbstractRedisClient.getConnection(AbstractRedisClient.java:352)
	at io.lettuce.core.RedisClient.connect(RedisClient.java:220)
	at org.springframework.data.redis.connection.lettuce.StandaloneConnectionProvider.lambda$getConnection$1(StandaloneConnectionProvider.java:113)
	at java.base/java.util.Optional.orElseGet(Optional.java:364)
	at org.springframework.data.redis.connection.lettuce.StandaloneConnectionProvider.getConnection(StandaloneConnectionProvider.java:113)
	at org.springframework.data.redis.connection.lettuce.LettuceConnectionFactory$ExceptionTranslatingConnectionProvider.getConnection(LettuceConnectionFactory.java:1797)
	... 19 common frames omitted
Caused by: io.netty.channel.AbstractChannel$AnnotatedConnectException: Connection refused: getsockopt: localhost/127.0.0.1:6379
Caused by: java.net.ConnectException: Connection refused: getsockopt
	at java.base/sun.nio.ch.Net.pollConnect(Native Method)
	at java.base/sun.nio.ch.Net.pollConnectNow(Net.java:639)
	at java.base/sun.nio.ch.SocketChannelImpl.finishConnect(SocketChannelImpl.java:1046)
	at io.netty.channel.socket.nio.NioSocketChannel.doFinishConnect(NioSocketChannel.java:336)
	at io.netty.channel.nio.AbstractNioChannel$AbstractNioUnsafe.finishConnect(AbstractNioChannel.java:339)
	at io.netty.channel.nio.NioEventLoop.processSelectedKey(NioEventLoop.java:784)
	at io.netty.channel.nio.NioEventLoop.processSelectedKeysOptimized(NioEventLoop.java:732)
	at io.netty.channel.nio.NioEventLoop.processSelectedKeys(NioEventLoop.java:658)
	at io.netty.channel.nio.NioEventLoop.run(NioEventLoop.java:562)
	at io.netty.util.concurrent.SingleThreadEventExecutor$4.run(SingleThreadEventExecutor.java:998)
	at io.netty.util.internal.ThreadExecutorMap$2.run(ThreadExecutorMap.java:74)
	at io.netty.util.concurrent.FastThreadLocalRunnable.run(FastThreadLocalRunnable.java:30)
	at java.base/java.lang.Thread.run(Thread.java:1474)
2026-03-09 08:26:03.979 [SpringApplicationShutdownHook] INFO  o.s.boot.tomcat.GracefulShutdown - Commencing graceful shutdown. Waiting for active requests to complete
2026-03-09 08:26:03.984 [tomcat-shutdown] INFO  o.s.boot.tomcat.GracefulShutdown - Graceful shutdown complete
2026-03-09 08:26:04.008 [SpringApplicationShutdownHook] INFO  o.s.o.j.LocalContainerEntityManagerFactoryBean - Closing JPA EntityManagerFactory for persistence unit 'default'
2026-03-09 08:26:04.011 [SpringApplicationShutdownHook] INFO  com.zaxxer.hikari.HikariDataSource - HikariPool-1 - Shutdown initiated...
2026-03-09 08:26:04.012 [SpringApplicationShutdownHook] INFO  com.zaxxer.hikari.HikariDataSource - HikariPool-1 - Shutdown completed.
2026-03-09 08:26:06.352 [main] INFO  com.example.zcwl.ZcwlApplication - Starting ZcwlApplication using Java 25.0.1 with PID 19436 (C:\Users\Young143\Desktop\大创\code\ZCWL_back_end\target\classes started by Young143 in C:\Users\Young143\Desktop\大创\code\ZCWL_back_end)
2026-03-09 08:26:06.355 [main] INFO  com.example.zcwl.ZcwlApplication - No active profile set, falling back to 1 default profile: "default"
2026-03-09 08:26:07.697 [main] INFO  o.s.d.r.c.RepositoryConfigurationDelegate - Multiple Spring Data modules found, entering strict repository configuration mode
2026-03-09 08:26:07.699 [main] INFO  o.s.d.r.c.RepositoryConfigurationDelegate - Bootstrapping Spring Data JPA repositories in DEFAULT mode.
2026-03-09 08:26:07.918 [main] INFO  o.s.d.r.c.RepositoryConfigurationDelegate - Finished Spring Data repository scanning in 207 ms. Found 12 JPA repository interfaces.
2026-03-09 08:26:09.105 [main] INFO  o.s.boot.tomcat.TomcatWebServer - Tomcat initialized with port 8080 (http)
2026-03-09 08:26:09.119 [main] INFO  o.a.catalina.core.StandardService - Starting service [Tomcat]
2026-03-09 08:26:09.119 [main] INFO  o.a.catalina.core.StandardEngine - Starting Servlet engine: [Apache Tomcat/11.0.18]
2026-03-09 08:26:09.201 [main] INFO  o.s.b.w.c.s.WebApplicationContextInitializer - Root WebApplicationContext: initialization completed in 2775 ms
2026-03-09 08:26:09.638 [main] INFO  org.hibernate.orm.jpa - HHH008540: Processing PersistenceUnitInfo [name: default]
2026-03-09 08:26:09.704 [main] INFO  org.hibernate.orm.core - HHH000001: Hibernate ORM core version 7.2.0.Final
2026-03-09 08:26:10.187 [main] INFO  o.s.o.j.p.SpringPersistenceUnitInfo - No LoadTimeWeaver setup: ignoring JPA class transformer
2026-03-09 08:26:10.224 [main] INFO  com.zaxxer.hikari.HikariDataSource - HikariPool-1 - Starting...
2026-03-09 08:26:10.856 [main] INFO  com.zaxxer.hikari.pool.HikariPool - HikariPool-1 - Added connection org.postgresql.jdbc.PgConnection@3bf4b018
2026-03-09 08:26:10.857 [main] INFO  com.zaxxer.hikari.HikariDataSource - HikariPool-1 - Start completed.
2026-03-09 08:26:11.107 [main] INFO  o.hibernate.orm.connections.pooling - HHH10001005: Database info:
	Database JDBC URL [jdbc:postgresql://young143.top:5432/zcwl]
	Database driver: PostgreSQL JDBC Driver
	Database dialect: PostgreSQLDialect
	Database version: 16.11
	Default catalog/schema: zcwl/public
	Autocommit mode: undefined/unknown
	Isolation level: READ_COMMITTED [default READ_COMMITTED]
	JDBC fetch size: none
	Pool: DataSourceConnectionProvider
	Minimum pool size: undefined/unknown
	Maximum pool size: undefined/unknown
2026-03-09 08:26:12.334 [main] INFO  org.hibernate.orm.core - HHH000489: No JTA platform available (set 'hibernate.transaction.jta.platform' to enable JTA platform integration)
2026-03-09 08:26:12.741 [main] INFO  o.s.o.j.LocalContainerEntityManagerFactoryBean - Initialized JPA EntityManagerFactory for persistence unit 'default'
2026-03-09 08:26:12.879 [main] INFO  o.s.d.j.r.q.QueryEnhancerFactories - Hibernate is in classpath; If applicable, HQL parser will be used.
2026-03-09 08:26:15.145 [main] INFO  o.s.boot.tomcat.TomcatWebServer - Tomcat started on port 8080 (http) with context path '/'
2026-03-09 08:26:16.245 [main] INFO  o.s.b.a.e.web.EndpointLinksResolver - Exposing 3 endpoints beneath base path '/actuator'
2026-03-09 08:26:16.277 [main] INFO  com.example.zcwl.ZcwlApplication - Started ZcwlApplication in 10.465 seconds (process running for 11.117)
2026-03-09 08:26:55.586 [SpringApplicationShutdownHook] INFO  o.s.boot.tomcat.GracefulShutdown - Commencing graceful shutdown. Waiting for active requests to complete
2026-03-09 08:26:55.590 [tomcat-shutdown] INFO  o.s.boot.tomcat.GracefulShutdown - Graceful shutdown complete
2026-03-09 08:26:55.621 [SpringApplicationShutdownHook] INFO  o.s.o.j.LocalContainerEntityManagerFactoryBean - Closing JPA EntityManagerFactory for persistence unit 'default'
2026-03-09 08:26:55.622 [SpringApplicationShutdownHook] INFO  com.zaxxer.hikari.HikariDataSource - HikariPool-1 - Shutdown initiated...
2026-03-09 08:26:55.625 [SpringApplicationShutdownHook] INFO  com.zaxxer.hikari.HikariDataSource - HikariPool-1 - Shutdown completed.
2026-03-09 08:26:57.885 [main] INFO  com.example.zcwl.ZcwlApplication - Starting ZcwlApplication using Java 25.0.1 with PID 25848 (C:\Users\Young143\Desktop\大创\code\ZCWL_back_end\target\classes started by Young143 in C:\Users\Young143\Desktop\大创\code\ZCWL_back_end)
2026-03-09 08:26:57.888 [main] INFO  com.example.zcwl.ZcwlApplication - No active profile set, falling back to 1 default profile: "default"
2026-03-09 08:26:59.274 [main] INFO  o.s.d.r.c.RepositoryConfigurationDelegate - Multiple Spring Data modules found, entering strict repository configuration mode
2026-03-09 08:26:59.277 [main] INFO  o.s.d.r.c.RepositoryConfigurationDelegate - Bootstrapping Spring Data JPA repositories in DEFAULT mode.
2026-03-09 08:26:59.530 [main] INFO  o.s.d.r.c.RepositoryConfigurationDelegate - Finished Spring Data repository scanning in 241 ms. Found 12 JPA repository interfaces.
2026-03-09 08:27:00.892 [main] INFO  o.s.boot.tomcat.TomcatWebServer - Tomcat initialized with port 8080 (http)
2026-03-09 08:27:00.909 [main] INFO  o.a.catalina.core.StandardService - Starting service [Tomcat]
2026-03-09 08:27:00.910 [main] INFO  o.a.catalina.core.StandardEngine - Starting Servlet engine: [Apache Tomcat/11.0.18]
2026-03-09 08:27:01.002 [main] INFO  o.s.b.w.c.s.WebApplicationContextInitializer - Root WebApplicationContext: initialization completed in 3049 ms
2026-03-09 08:27:01.526 [main] INFO  org.hibernate.orm.jpa - HHH008540: Processing PersistenceUnitInfo [name: default]
2026-03-09 08:27:01.587 [main] INFO  org.hibernate.orm.core - HHH000001: Hibernate ORM core version 7.2.0.Final
2026-03-09 08:27:02.282 [main] INFO  o.s.o.j.p.SpringPersistenceUnitInfo - No LoadTimeWeaver setup: ignoring JPA class transformer
2026-03-09 08:27:02.325 [main] INFO  com.zaxxer.hikari.HikariDataSource - HikariPool-1 - Starting...
2026-03-09 08:27:02.996 [main] INFO  com.zaxxer.hikari.pool.HikariPool - HikariPool-1 - Added connection org.postgresql.jdbc.PgConnection@3bf4b018
2026-03-09 08:27:02.997 [main] INFO  com.zaxxer.hikari.HikariDataSource - HikariPool-1 - Start completed.
2026-03-09 08:27:03.281 [main] INFO  o.hibernate.orm.connections.pooling - HHH10001005: Database info:
	Database JDBC URL [jdbc:postgresql://young143.top:5432/zcwl]
	Database driver: PostgreSQL JDBC Driver
	Database dialect: PostgreSQLDialect
	Database version: 16.11
	Default catalog/schema: zcwl/public
	Autocommit mode: undefined/unknown
	Isolation level: READ_COMMITTED [default READ_COMMITTED]
	JDBC fetch size: none
	Pool: DataSourceConnectionProvider
	Minimum pool size: undefined/unknown
	Maximum pool size: undefined/unknown
2026-03-09 08:27:04.630 [main] INFO  org.hibernate.orm.core - HHH000489: No JTA platform available (set 'hibernate.transaction.jta.platform' to enable JTA platform integration)
2026-03-09 08:27:05.104 [main] INFO  o.s.o.j.LocalContainerEntityManagerFactoryBean - Initialized JPA EntityManagerFactory for persistence unit 'default'
2026-03-09 08:27:05.253 [main] INFO  o.s.d.j.r.q.QueryEnhancerFactories - Hibernate is in classpath; If applicable, HQL parser will be used.
2026-03-09 08:27:07.559 [main] INFO  o.s.boot.tomcat.TomcatWebServer - Tomcat started on port 8080 (http) with context path '/'
2026-03-09 08:27:08.304 [main] INFO  o.s.b.a.e.web.EndpointLinksResolver - Exposing 3 endpoints beneath base path '/actuator'
2026-03-09 08:27:08.347 [main] INFO  com.example.zcwl.ZcwlApplication - Started ZcwlApplication in 10.975 seconds (process running for 11.698)
2026-03-09 08:27:29.378 [HikariPool-1:housekeeper] WARN  com.zaxxer.hikari.pool.PoolBase - HikariPool-1 - Failed to validate connection org.postgresql.jdbc.PgConnection@3d3b4778 (This connection has been closed.). Possibly consider using a shorter maxLifetime value.
2026-03-09 08:27:29.706 [HikariPool-1:housekeeper] WARN  com.zaxxer.hikari.pool.PoolBase - HikariPool-1 - Failed to validate connection org.postgresql.jdbc.PgConnection@3bf4b018 (This connection has been closed.). Possibly consider using a shorter maxLifetime value.
2026-03-09 08:27:32.445 [HikariPool-1:housekeeper] WARN  com.zaxxer.hikari.pool.PoolBase - HikariPool-1 - Failed to validate connection org.postgresql.jdbc.PgConnection@558bb91c (This connection has been closed.). Possibly consider using a shorter maxLifetime value.
2026-03-09 08:27:33.023 [HikariPool-1:housekeeper] WARN  com.zaxxer.hikari.pool.PoolBase - HikariPool-1 - Failed to validate connection org.postgresql.jdbc.PgConnection@326c2452 (This connection has been closed.). Possibly consider using a shorter maxLifetime value.
2026-03-09 08:27:33.178 [HikariPool-1:housekeeper] WARN  com.zaxxer.hikari.pool.PoolBase - HikariPool-1 - Failed to validate connection org.postgresql.jdbc.PgConnection@50586941 (This connection has been closed.). Possibly consider using a shorter maxLifetime value.
2026-03-09 08:27:33.552 [HikariPool-1:housekeeper] WARN  com.zaxxer.hikari.pool.PoolBase - HikariPool-1 - Failed to validate connection org.postgresql.jdbc.PgConnection@54959b93 (This connection has been closed.). Possibly consider using a shorter maxLifetime value.
2026-03-09 08:27:34.296 [tomcat-handler-0] INFO  o.a.c.c.C.[Tomcat].[localhost].[/] - Initializing Spring DispatcherServlet 'dispatcherServlet'
2026-03-09 08:27:34.297 [tomcat-handler-0] INFO  o.s.web.servlet.DispatcherServlet - Initializing Servlet 'dispatcherServlet'
2026-03-09 08:27:34.592 [tomcat-handler-0] INFO  o.s.web.servlet.DispatcherServlet - Completed initialization in 293 ms
2026-03-09 08:27:34.882 [tomcat-handler-0] INFO  o.s.s.c.a.a.c.InitializeAuthenticationProviderBeanManagerConfigurer$InitializeAuthenticationProviderManagerConfigurer - Global AuthenticationManager configured with AuthenticationProvider bean with name authenticationProvider
2026-03-09 08:27:35.884 [tomcat-handler-1] DEBUG org.hibernate.SQL - select u1_0.u_id,u1_0.avatar,u1_0.email,u1_0.name,u1_0.password from users u1_0 where u1_0.name=?
2026-03-09 08:27:40.319 [tomcat-handler-1] DEBUG org.hibernate.SQL - select u1_0.u_id,u1_0.avatar,u1_0.email,u1_0.name,u1_0.password from users u1_0 where u1_0.u_id=?
2026-03-09 08:27:40.380 [tomcat-handler-1] DEBUG org.hibernate.SQL - insert into dialog (d_abstract,qa_times,u_id) values (?,?,?)
2026-03-09 08:27:40.510 [tomcat-handler-3] DEBUG org.hibernate.SQL - select u1_0.u_id,u1_0.avatar,u1_0.email,u1_0.name,u1_0.password from users u1_0 where u1_0.name=?
2026-03-09 08:27:40.566 [tomcat-handler-3] DEBUG org.hibernate.SQL - select d1_0.d_id,d1_0.d_abstract,d1_0.qa_times,d1_0.u_id,u1_0.u_id,u1_0.avatar,u1_0.email,u1_0.name,u1_0.password from dialog d1_0 join users u1_0 on u1_0.u_id=d1_0.u_id where d1_0.d_id=?
2026-03-09 08:27:40.608 [tomcat-handler-3] INFO  c.e.z.service.impl.AiChatServiceImpl - 开始调用AI流式API，对话ID: 448, 问题: c语言的特点是什么...
2026-03-09 08:27:40.611 [tomcat-handler-3] DEBUG org.hibernate.SQL - select qa1_0.d_id,qa1_0.times,qa1_0.ans,qa1_0.date,qa1_0.que from que_ans qa1_0 where qa1_0.d_id=?
2026-03-09 08:27:40.660 [tomcat-handler-3] DEBUG org.hibernate.SQL - select ch1_0.d_id,ch1_0.created_at,ch1_0.extracted_prompt from chat_history ch1_0 where ch1_0.d_id=?
2026-03-09 08:27:40.712 [tomcat-handler-3] DEBUG o.s.web.client.RestTemplate - HTTP POST http://localhost:8080/rag/search
2026-03-09 08:27:40.715 [tomcat-handler-3] DEBUG o.s.web.client.RestTemplate - Accept=[application/json, application/*+json]
2026-03-09 08:27:40.715 [tomcat-handler-3] DEBUG o.s.web.client.RestTemplate - Writing [{query=c语言的特点是什么}] as "application/json"
2026-03-09 08:27:40.745 [tomcat-handler-4] INFO  c.e.zcwl.controller.RagController - 向量搜索请求，查询: c语言的特点是什么...
2026-03-09 08:27:40.824 [tomcat-handler-4] DEBUG o.s.web.client.RestTemplate - HTTP POST https://dashscope.aliyuncs.com/compatible-mode/v1/embeddings
2026-03-09 08:27:40.824 [tomcat-handler-4] DEBUG o.s.web.client.RestTemplate - Accept=[application/json, application/*+json]
2026-03-09 08:27:40.824 [tomcat-handler-4] DEBUG o.s.web.client.RestTemplate - Writing [{input=c语言的特点是什么, model=text-embedding-v4}] as "application/json"
2026-03-09 08:27:41.339 [tomcat-handler-4] DEBUG o.s.web.client.RestTemplate - Response 200 OK
2026-03-09 08:27:41.341 [tomcat-handler-4] DEBUG o.s.web.client.RestTemplate - Reading to [java.util.Map<java.lang.String, java.lang.Object>]
2026-03-09 08:27:41.382 [tomcat-handler-4] INFO  c.e.zcwl.service.impl.RagServiceImpl - 开始向量检索，limit: 10
2026-03-09 08:27:41.385 [tomcat-handler-4] INFO  c.e.zcwl.service.impl.RagServiceImpl - 向量字符串长度: 12759
2026-03-09 08:27:41.385 [tomcat-handler-4] INFO  c.e.zcwl.service.impl.RagServiceImpl - 向量前100字符: [-0.037579168,0.015360196,0.0016075252,0.011786717,-0.02648409,-0.0376368,0.06097969,0.09769431,-0.0...
2026-03-09 08:27:41.486 [tomcat-handler-4] DEBUG org.hibernate.SQL - SELECT id, chunk, vector <=> CAST(? AS vector) AS distance FROM doc_rag ORDER BY vector <=> CAST(? AS vector) LIMIT ?
2026-03-09 08:27:41.687 [tomcat-handler-4] INFO  c.e.zcwl.service.impl.RagServiceImpl - 向量检索结果数量: 10
2026-03-09 08:27:41.688 [tomcat-handler-4] INFO  c.e.zcwl.service.impl.RagServiceImpl - 向量检索完成，返回结果数量: 10
2026-03-09 08:27:41.697 [tomcat-handler-3] DEBUG o.s.web.client.RestTemplate - Response 200 OK
2026-03-09 08:27:41.698 [tomcat-handler-3] DEBUG o.s.web.client.RestTemplate - Reading to [java.util.List<java.util.Map<java.lang.String, java.lang.Object>>]
2026-03-09 08:27:43.213 [ForkJoinPool.commonPool-worker-1] DEBUG c.e.z.service.impl.AiChatServiceImpl - 收到AI回答数据块，长度: 2
2026-03-09 08:27:43.216 [task-1] DEBUG c.e.z.service.impl.AiChatServiceImpl - 收到AI回答数据块，长度: 2
2026-03-09 08:27:43.225 [ForkJoinPool.commonPool-worker-1] DEBUG c.e.z.service.impl.AiChatServiceImpl - 收到AI回答数据块，长度: 5
2026-03-09 08:27:43.249 [ForkJoinPool.commonPool-worker-1] DEBUG c.e.z.service.impl.AiChatServiceImpl - 收到AI回答数据块，长度: 6
2026-03-09 08:27:43.309 [ForkJoinPool.commonPool-worker-1] DEBUG c.e.z.service.impl.AiChatServiceImpl - 收到AI回答数据块，长度: 9
2026-03-09 08:27:43.312 [ForkJoinPool.commonPool-worker-1] DEBUG c.e.z.service.impl.AiChatServiceImpl - 收到AI回答数据块，长度: 2
2026-03-09 08:27:43.332 [ForkJoinPool.commonPool-worker-1] DEBUG c.e.z.service.impl.AiChatServiceImpl - 收到AI回答数据块，长度: 8
2026-03-09 08:27:43.333 [task-7] DEBUG c.e.z.service.impl.AiChatServiceImpl - 收到AI回答数据块，长度: 2
2026-03-09 08:27:43.378 [ForkJoinPool.commonPool-worker-1] DEBUG c.e.z.service.impl.AiChatServiceImpl - 收到AI回答数据块，长度: 8
2026-03-09 08:27:43.379 [task-9] DEBUG c.e.z.service.impl.AiChatServiceImpl - 收到AI回答数据块，长度: 6
2026-03-09 08:27:43.396 [ForkJoinPool.commonPool-worker-1] DEBUG c.e.z.service.impl.AiChatServiceImpl - 收到AI回答数据块，长度: 7
2026-03-09 08:27:43.440 [ForkJoinPool.commonPool-worker-1] DEBUG c.e.z.service.impl.AiChatServiceImpl - 收到AI回答数据块，长度: 6
2026-03-09 08:27:43.460 [ForkJoinPool.commonPool-worker-1] DEBUG c.e.z.service.impl.AiChatServiceImpl - 收到AI回答数据块，长度: 9
2026-03-09 08:27:43.463 [ForkJoinPool.commonPool-worker-1] DEBUG c.e.z.service.impl.AiChatServiceImpl - 收到AI回答数据块，长度: 5
2026-03-09 08:27:43.506 [ForkJoinPool.commonPool-worker-1] DEBUG c.e.z.service.impl.AiChatServiceImpl - 收到AI回答数据块，长度: 7
2026-03-09 08:27:43.509 [ForkJoinPool.commonPool-worker-1] DEBUG c.e.z.service.impl.AiChatServiceImpl - 收到AI回答数据块，长度: 6
2026-03-09 08:27:43.569 [ForkJoinPool.commonPool-worker-1] DEBUG c.e.z.service.impl.AiChatServiceImpl - 收到AI回答数据块，长度: 9
2026-03-09 08:27:43.572 [ForkJoinPool.commonPool-worker-1] DEBUG c.e.z.service.impl.AiChatServiceImpl - 收到AI回答数据块，长度: 2
2026-03-09 08:27:43.576 [ForkJoinPool.commonPool-worker-1] DEBUG c.e.z.service.impl.AiChatServiceImpl - 收到AI回答数据块，长度: 7
2026-03-09 08:27:43.612 [ForkJoinPool.commonPool-worker-1] DEBUG c.e.z.service.impl.AiChatServiceImpl - 收到AI回答数据块，长度: 6
2026-03-09 08:27:43.615 [ForkJoinPool.commonPool-worker-1] DEBUG c.e.z.service.impl.AiChatServiceImpl - 收到AI回答数据块，长度: 7
2026-03-09 08:27:43.635 [ForkJoinPool.commonPool-worker-1] DEBUG c.e.z.service.impl.AiChatServiceImpl - 收到AI回答数据块，长度: 7
2026-03-09 08:27:43.675 [ForkJoinPool.commonPool-worker-1] DEBUG c.e.z.service.impl.AiChatServiceImpl - 收到AI回答数据块，长度: 9
2026-03-09 08:27:43.679 [ForkJoinPool.commonPool-worker-1] DEBUG c.e.z.service.impl.AiChatServiceImpl - 收到AI回答数据块，长度: 9
2026-03-09 08:27:43.754 [ForkJoinPool.commonPool-worker-1] DEBUG c.e.z.service.impl.AiChatServiceImpl - 收到AI回答数据块，长度: 7
2026-03-09 08:27:43.764 [ForkJoinPool.commonPool-worker-1] DEBUG c.e.z.service.impl.AiChatServiceImpl - 收到AI回答数据块，长度: 8
2026-03-09 08:27:43.771 [ForkJoinPool.commonPool-worker-1] DEBUG c.e.z.service.impl.AiChatServiceImpl - 收到AI回答数据块，长度: 5
2026-03-09 08:27:43.793 [ForkJoinPool.commonPool-worker-1] DEBUG c.e.z.service.impl.AiChatServiceImpl - 收到AI回答数据块，长度: 8
2026-03-09 08:27:43.796 [ForkJoinPool.commonPool-worker-1] DEBUG c.e.z.service.impl.AiChatServiceImpl - 收到AI回答数据块，长度: 9
2026-03-09 08:27:43.826 [ForkJoinPool.commonPool-worker-1] DEBUG c.e.z.service.impl.AiChatServiceImpl - 收到AI回答数据块，长度: 9
2026-03-09 08:27:43.829 [ForkJoinPool.commonPool-worker-1] DEBUG c.e.z.service.impl.AiChatServiceImpl - 收到AI回答数据块，长度: 6
2026-03-09 08:27:43.852 [ForkJoinPool.commonPool-worker-1] DEBUG c.e.z.service.impl.AiChatServiceImpl - 收到AI回答数据块，长度: 8
2026-03-09 08:27:43.916 [ForkJoinPool.commonPool-worker-1] DEBUG c.e.z.service.impl.AiChatServiceImpl - 收到AI回答数据块，长度: 5
2026-03-09 08:27:43.919 [ForkJoinPool.commonPool-worker-1] DEBUG c.e.z.service.impl.AiChatServiceImpl - 收到AI回答数据块，长度: 4
2026-03-09 08:27:43.922 [ForkJoinPool.commonPool-worker-1] DEBUG c.e.z.service.impl.AiChatServiceImpl - 收到AI回答数据块，长度: 4
2026-03-09 08:27:43.977 [ForkJoinPool.commonPool-worker-1] DEBUG c.e.z.service.impl.AiChatServiceImpl - 收到AI回答数据块，长度: 8
2026-03-09 08:27:43.979 [ForkJoinPool.commonPool-worker-1] DEBUG c.e.z.service.impl.AiChatServiceImpl - 收到AI回答数据块，长度: 9
2026-03-09 08:27:44.023 [ForkJoinPool.commonPool-worker-1] DEBUG c.e.z.service.impl.AiChatServiceImpl - 收到AI回答数据块，长度: 7
2026-03-09 08:27:44.069 [ForkJoinPool.commonPool-worker-1] DEBUG c.e.z.service.impl.AiChatServiceImpl - 收到AI回答数据块，长度: 6
2026-03-09 08:27:44.904 [ForkJoinPool.commonPool-worker-1] DEBUG c.e.z.service.impl.AiChatServiceImpl - 收到AI回答数据块，长度: 8
2026-03-09 08:27:44.930 [ForkJoinPool.commonPool-worker-1] DEBUG c.e.z.service.impl.AiChatServiceImpl - 收到AI回答数据块，长度: 2
2026-03-09 08:27:44.931 [task-41] DEBUG c.e.z.service.impl.AiChatServiceImpl - 收到AI回答数据块，长度: 6
2026-03-09 08:27:44.971 [pool-3-thread-1] INFO  c.e.z.service.impl.AiChatServiceImpl - 流式回答结束，保存完整回答到数据库，长度: 265
2026-03-09 08:27:45.019 [pool-3-thread-1] DEBUG org.hibernate.SQL - select d1_0.d_id,d1_0.d_abstract,d1_0.qa_times,d1_0.u_id from dialog d1_0 where d1_0.d_id=?
2026-03-09 08:27:45.107 [pool-3-thread-1] DEBUG org.hibernate.SQL - select qa1_0.d_id,qa1_0.times,qa1_0.ans,qa1_0.date,qa1_0.que from que_ans qa1_0 where (qa1_0.d_id,qa1_0.times) in ((?,?))
2026-03-09 08:27:45.163 [pool-3-thread-1] DEBUG org.hibernate.SQL - insert into que_ans (ans,date,que,d_id,times) values (?,?,?,?,?)
2026-03-09 08:27:45.243 [pool-3-thread-1] DEBUG org.hibernate.SQL - select d1_0.d_id,d1_0.d_abstract,d1_0.qa_times,d1_0.u_id from dialog d1_0 where d1_0.d_id=?
2026-03-09 08:27:45.302 [pool-3-thread-1] DEBUG org.hibernate.SQL - update dialog set d_abstract=?,qa_times=?,u_id=? where d_id=?
2026-03-09 08:27:50.766 [pool-3-thread-1] ERROR c.e.z.service.impl.AiChatServiceImpl - Redis缓存删除错误: Unable to connect to Redis
org.springframework.data.redis.RedisConnectionFailureException: Unable to connect to Redis
	at org.springframework.data.redis.connection.lettuce.LettuceConnectionFactory$ExceptionTranslatingConnectionProvider.translateException(LettuceConnectionFactory.java:1868)
	at org.springframework.data.redis.connection.lettuce.LettuceConnectionFactory$ExceptionTranslatingConnectionProvider.getConnection(LettuceConnectionFactory.java:1799)
	at org.springframework.data.redis.connection.lettuce.LettuceConnectionFactory$SharedConnection.getNativeConnection(LettuceConnectionFactory.java:1596)
	at org.springframework.data.redis.connection.lettuce.LettuceConnectionFactory$SharedConnection.lambda$getConnection$0(LettuceConnectionFactory.java:1576)
	at org.springframework.data.redis.connection.lettuce.LettuceConnectionFactory.doInLock(LettuceConnectionFactory.java:1537)
	at org.springframework.data.redis.connection.lettuce.LettuceConnectionFactory$SharedConnection.getConnection(LettuceConnectionFactory.java:1573)
	at org.springframework.data.redis.connection.lettuce.LettuceConnectionFactory.getSharedConnection(LettuceConnectionFactory.java:1258)
	at org.springframework.data.redis.connection.lettuce.LettuceConnectionFactory.getConnection(LettuceConnectionFactory.java:1054)
	at org.springframework.data.redis.core.RedisConnectionUtils.fetchConnection(RedisConnectionUtils.java:195)
	at org.springframework.data.redis.core.RedisConnectionUtils.doGetConnection(RedisConnectionUtils.java:144)
	at org.springframework.data.redis.core.RedisConnectionUtils.getConnection(RedisConnectionUtils.java:105)
	at org.springframework.data.redis.core.RedisTemplate.execute(RedisTemplate.java:400)
	at org.springframework.data.redis.core.RedisTemplate.execute(RedisTemplate.java:380)
	at org.springframework.data.redis.core.RedisTemplate.doWithKeys(RedisTemplate.java:803)
	at org.springframework.data.redis.core.RedisTemplate.delete(RedisTemplate.java:598)
	at com.example.zcwl.service.impl.AiChatServiceImpl.saveChatMessageWithoutTransaction(AiChatServiceImpl.java:337)
	at com.example.zcwl.service.impl.AiChatServiceImpl.lambda$addChatMessageStream$2(AiChatServiceImpl.java:294)
	at java.base/java.util.concurrent.CompletableFuture$AsyncRun.run(CompletableFuture.java:1825)
	at java.base/java.util.concurrent.ThreadPoolExecutor.runWorker(ThreadPoolExecutor.java:1090)
	at java.base/java.util.concurrent.ThreadPoolExecutor$Worker.run(ThreadPoolExecutor.java:614)
	at java.base/java.lang.Thread.run(Thread.java:1474)
Caused by: io.lettuce.core.RedisConnectionException: Unable to connect to young143.top/<unresolved>:6379
	at io.lettuce.core.RedisConnectionException.create(RedisConnectionException.java:63)
	at io.lettuce.core.RedisConnectionException.create(RedisConnectionException.java:41)
	at io.lettuce.core.AbstractRedisClient.getConnection(AbstractRedisClient.java:352)
	at io.lettuce.core.RedisClient.connect(RedisClient.java:220)
	at org.springframework.data.redis.connection.lettuce.StandaloneConnectionProvider.lambda$getConnection$1(StandaloneConnectionProvider.java:113)
	at java.base/java.util.Optional.orElseGet(Optional.java:364)
	at org.springframework.data.redis.connection.lettuce.StandaloneConnectionProvider.getConnection(StandaloneConnectionProvider.java:113)
	at org.springframework.data.redis.connection.lettuce.LettuceConnectionFactory$ExceptionTranslatingConnectionProvider.getConnection(LettuceConnectionFactory.java:1797)
	... 19 common frames omitted
Caused by: java.nio.channels.ClosedChannelException
	at io.netty.channel.nio.AbstractNioChannel.doClose(AbstractNioChannel.java:507)
	at io.netty.channel.socket.nio.NioSocketChannel.doClose(NioSocketChannel.java:348)
	at io.netty.channel.AbstractChannel$AbstractUnsafe.doClose0(AbstractChannel.java:752)
	at io.netty.channel.AbstractChannel$AbstractUnsafe.close(AbstractChannel.java:729)
	at io.netty.channel.AbstractChannel$AbstractUnsafe.close(AbstractChannel.java:619)
	at io.netty.channel.DefaultChannelPipeline$HeadContext.close(DefaultChannelPipeline.java:1299)
	at io.netty.channel.AbstractChannelHandlerContext.invokeClose(AbstractChannelHandlerContext.java:755)
	at io.netty.channel.AbstractChannelHandlerContext.access$1200(AbstractChannelHandlerContext.java:61)
	at io.netty.channel.AbstractChannelHandlerContext$11.run(AbstractChannelHandlerContext.java:738)
	at io.netty.util.concurrent.AbstractEventExecutor.runTask(AbstractEventExecutor.java:173)
	at io.netty.util.concurrent.AbstractEventExecutor.safeExecute(AbstractEventExecutor.java:166)
	at io.netty.util.concurrent.SingleThreadEventExecutor.runAllTasks(SingleThreadEventExecutor.java:472)
	at io.netty.channel.nio.NioEventLoop.run(NioEventLoop.java:566)
	at io.netty.util.concurrent.SingleThreadEventExecutor$4.run(SingleThreadEventExecutor.java:998)
	at io.netty.util.internal.ThreadExecutorMap$2.run(ThreadExecutorMap.java:74)
	at io.netty.util.concurrent.FastThreadLocalRunnable.run(FastThreadLocalRunnable.java:30)
	... 1 common frames omitted
2026-03-09 08:27:59.034 [tomcat-handler-8] DEBUG org.hibernate.SQL - select d1_0.doc_id,d1_0.doc_name,d1_0.icon,d1_0.summary from doc d1_0
2026-03-09 08:27:59.122 [tomcat-handler-9] DEBUG org.hibernate.SQL - select d1_0.doc_id,d1_0.doc_name,d1_0.icon,d1_0.summary from doc d1_0
2026-03-09 08:28:00.582 [tomcat-handler-12] DEBUG org.hibernate.SQL - select d1_0.doc_id,d1_0.doc_name,d1_0.icon,d1_0.summary from doc d1_0 where d1_0.doc_id=?
2026-03-09 08:28:00.661 [tomcat-handler-12] DEBUG org.hibernate.SQL - select dc1_0.chapter_id,dc1_0.doc_id,dc1_0.content,dc1_0.name from doc_contents dc1_0 where dc1_0.doc_id=?
2026-03-09 08:28:00.804 [tomcat-handler-13] DEBUG org.hibernate.SQL - select d1_0.doc_id,d1_0.doc_name,d1_0.icon,d1_0.summary from doc d1_0 where d1_0.doc_id=?
2026-03-09 08:28:00.880 [tomcat-handler-13] DEBUG org.hibernate.SQL - select dc1_0.chapter_id,dc1_0.doc_id,dc1_0.content,dc1_0.name from doc_contents dc1_0 where dc1_0.doc_id=?
2026-03-09 08:28:02.557 [tomcat-handler-14] DEBUG org.hibernate.SQL - select d1_0.doc_id,d1_0.doc_name,d1_0.icon,d1_0.summary from doc d1_0 where d1_0.doc_id=?
2026-03-09 08:28:02.557 [tomcat-handler-17] DEBUG org.hibernate.SQL - select dc1_0.chapter_id,dc1_0.doc_id,dc1_0.content,dc1_0.name from doc_contents dc1_0 where (dc1_0.chapter_id,dc1_0.doc_id) in ((?,?))
2026-03-09 08:28:02.636 [tomcat-handler-14] DEBUG org.hibernate.SQL - select dc1_0.chapter_id,dc1_0.doc_id,dc1_0.content,dc1_0.name from doc_contents dc1_0 where dc1_0.doc_id=?
2026-03-09 08:28:02.637 [tomcat-handler-18] DEBUG org.hibernate.SQL - select dc1_0.chapter_id,dc1_0.doc_id,dc1_0.content,dc1_0.name from doc_contents dc1_0 where (dc1_0.chapter_id,dc1_0.doc_id) in ((?,?))
2026-03-09 08:28:02.752 [tomcat-handler-19] DEBUG org.hibernate.SQL - select d1_0.doc_id,d1_0.doc_name,d1_0.icon,d1_0.summary from doc d1_0 where d1_0.doc_id=?
2026-03-09 08:28:02.828 [tomcat-handler-19] DEBUG org.hibernate.SQL - select dc1_0.chapter_id,dc1_0.doc_id,dc1_0.content,dc1_0.name from doc_contents dc1_0 where dc1_0.doc_id=?
2026-03-09 08:28:50.764 [tomcat-handler-23] DEBUG org.hibernate.SQL - select u1_0.u_id,u1_0.avatar,u1_0.email,u1_0.name,u1_0.password from users u1_0 where u1_0.name=?
2026-03-09 08:28:50.922 [tomcat-handler-23] DEBUG c.e.zcwl.controller.CodeController - 获取代码生成项目列表，用户ID: user123
2026-03-09 08:28:50.922 [tomcat-handler-23] DEBUG c.e.z.s.i.SimpleFrontendProjectServiceImpl - 获取简单前端代码生成项目列表，用户ID: user123
2026-03-09 08:28:50.926 [tomcat-handler-23] DEBUG org.hibernate.SQL - select sfp1_0.id,sfp1_0.created_at,sfp1_0.css,sfp1_0.html,sfp1_0.javascript,sfp1_0.project_name,sfp1_0.sf_id,sfp1_0.updated_at,sfp1_0.u_id from simple_frontend_projects sfp1_0 where sfp1_0.u_id=?
2026-03-09 08:28:51.059 [tomcat-handler-24] DEBUG org.hibernate.SQL - select u1_0.u_id,u1_0.avatar,u1_0.email,u1_0.name,u1_0.password from users u1_0 where u1_0.name=?
2026-03-09 08:28:51.102 [tomcat-handler-24] DEBUG c.e.zcwl.controller.CodeController - 获取代码生成项目列表，用户ID: user123
2026-03-09 08:28:51.103 [tomcat-handler-24] DEBUG c.e.z.s.i.SimpleFrontendProjectServiceImpl - 获取简单前端代码生成项目列表，用户ID: user123
2026-03-09 08:28:51.104 [tomcat-handler-24] DEBUG org.hibernate.SQL - select sfp1_0.id,sfp1_0.created_at,sfp1_0.css,sfp1_0.html,sfp1_0.javascript,sfp1_0.project_name,sfp1_0.sf_id,sfp1_0.updated_at,sfp1_0.u_id from simple_frontend_projects sfp1_0 where sfp1_0.u_id=?
2026-03-09 08:29:06.533 [tomcat-handler-27] DEBUG org.hibernate.SQL - select u1_0.u_id,u1_0.avatar,u1_0.email,u1_0.name,u1_0.password from users u1_0 where u1_0.name=?
2026-03-09 08:29:06.616 [tomcat-handler-27] DEBUG c.e.zcwl.controller.CodeController - 创建新的简单前端代码生成项目: {uId=user123, projectName=日历, message=给我生成一个日历应用}
2026-03-09 08:29:06.617 [tomcat-handler-27] DEBUG c.e.z.s.i.SimpleFrontendProjectServiceImpl - 创建新的简单前端代码生成项目: 日历, 用户ID: user123
2026-03-09 08:29:06.631 [tomcat-handler-27] DEBUG org.hibernate.SQL - select sfp1_0.id,sfp1_0.created_at,sfp1_0.css,sfp1_0.html,sfp1_0.javascript,sfp1_0.project_name,sfp1_0.sf_id,sfp1_0.updated_at,sfp1_0.u_id from simple_frontend_projects sfp1_0 where sfp1_0.project_name=? and sfp1_0.u_id=?
2026-03-09 08:29:06.672 [tomcat-handler-27] INFO  c.e.z.s.i.SimpleFrontendProjectServiceImpl - 调用AI服务生成代码
2026-03-09 08:29:06.673 [tomcat-handler-27] DEBUG o.s.web.client.RestTemplate - HTTP POST https://api.qnaigc.com/v1/chat/completions
2026-03-09 08:29:06.673 [tomcat-handler-27] DEBUG o.s.web.client.RestTemplate - Accept=[application/json, application/*+json]
2026-03-09 08:29:06.673 [tomcat-handler-27] DEBUG o.s.web.client.RestTemplate - Writing [{stream=false, max_tokens=100000, temperature=0.7, messages=[{role=system, content=你是一位资深前端架构师，擅长生成高质量的前端代码。请根据用户的需求和提示词，生成完整的HTML、CSS和JavaScript代码。}, {role=user, content=# Role: 资深前端架构师 (Modern Web Architect)

## Profile
你是一位精通现代 Web 标准、极简主义美学与高性能开发的资深架构师。你不仅追求代码的可读性与健壮性，更关注用户体验的细节（如微交互、无障碍支持 A11y），并擅长在无框架环境下实现复杂状态管理。

## Task Goals
基于 `[Input Context]` 中的需求与代码，进行高标准的编写或重构。
- **定向深度注入**：若提供 `[定向修改 ID]`，必须优先确保该区域的逻辑与样式得到深度优化与重构，而非简单的属性覆盖。
- **纯粹单页应用 (SPA) 体验**：所有交互与视图切换必须在单一 HTML 内通过动态渲染或状态机模拟完成。**严禁**任何导致页面刷新、跳转或留白的默认行为（如表单提交、`<a>` 标签跳转）。

## Technical Requirements & Constraints

1. **精准标识系统 (Precision ID & Class System)**：
   - 必须为 `<body>` 内的每个关键交互节点、状态容器分配唯一的 `id` (kebab-case)。
   - 命名需具备高度语义化与状态映射（例如：`main-dashboard`, `submit-btn-loading`），确保外部脚本可精准操控。

2. **现代视觉与响应式美学 (Modern UI/UX)**：
   - **设计系统**：在 `:root` 中定义 CSS 变量（CSS Variables）构建全局色板、间距与排版系统。
   - **现代布局与装饰**：全面废弃 float，强制使用 Flexbox/Grid 布局；使用 `gap` 替代 `margin` 控制间距；合理运用 `cubic-bezier` 平滑过渡、`box-shadow` 层次区分与 `backdrop-filter` 磨砂效果。
   - **自适应**：移动端优先 (Mobile-first)，确保全端完美适配。

3. **架构逻辑与最佳实践 (Architecture Best Practices)**：
   - **样式**：CSS 模块化，禁止内联样式 (`style="...")。
   - **行为**：强制使用 Vanilla JS (ES6+)，采用数据驱动视图（Data-driven view）的思路管理状态。仅在用户明确提供 jQuery 时才允许使用 jQuery。
   - **防御式编程**：
     - 所有脚本必须包裹在 `DOMContentLoaded` 事件中。
     - 所有 DOM 操作前需执行严格的存在性检查 (`if (!el) return;`)。
     - 绑定事件时必须包含 `e.preventDefault()` 以拦截可能导致刷新的默认行为。
     - 复杂数据处理需包含 `try-catch` 异常捕获。

## Input Context
* **用户代码**：`{html: "", css: "", javascript: ""}`
* **用户需求**：`给我生成一个日历应用`
* **定向修改 ID**：`[]`

## Output Format Constraints (CRITICAL & STRICT)
你接下来的所有回复必须是一个**完全合法、可通过标准的 JSON.parse() 解析的 JSON 对象**。请严格遵循以下 JSON 序列化规范：

1. **零 Markdown 污染**：绝对禁止输出 ````json` 等代码块标记。你的整个回复必须仅以 `{` 开头，并以 `}` 结尾，前后不允许有任何解释性文字或空白字符。
2. **符合 RFC 8259 规范**：
   - 所有的键名（Keys）必须使用双引号 `"` 包裹。
   - 绝对禁止使用尾随逗号 (Trailing commas)。
   - 必须依赖你内在的 JSON 序列化能力来正确处理字符串值中的特殊字符。所有属性值中的双引号、反斜杠、控制字符等，必须被标准 JSON 格式化规则正确转义。
3. **内容隔离与净化**：
   - `html`: 包含完整的 HTML5 文档结构（从 `<!DOCTYPE html>` 到 `</html>`）。
   - `css`: 仅输出纯 CSS 代码，**绝对禁止**包含 `<style>` 标签。
   - `javascript`: 仅输出纯 JS 代码，**绝对禁止**包含 `<script>` 标签。
4. **换行符处理 (CRITICAL)**：为了保证 JSON 的绝对合法性，请确保生成的代码字符串中所有的物理换行都被正确序列化为 `\n`，严禁在 JSON 字符串值中出现未转义的真实物理换行。

**Expected JSON Structure:**
{
  "html": "<!DOCTYPE html>\n<html lang=\"en\">\n<head>\n<meta charset=\"UTF-8\">\n<title>App</title>\n</head>\n<body>\n<div id=\"app\"></div>\n</body>\n</html>",
  "css": " :root {\n  --primary: #000;\n}\n#app {\n  display: flex;\n}",
  "javascript": "document.addEventListener(\"DOMContentLoaded\", () => {\n  const app = document.getElementById('app');\n  if (!app) return;\n  console.log('App loaded');\n});"
}}], model=qwen3-coder-480b-a35b-instruct}] as "application/json"
2026-03-09 08:29:26.653 [tomcat-handler-27] DEBUG o.s.web.client.RestTemplate - Response 200 OK
2026-03-09 08:29:26.655 [tomcat-handler-27] DEBUG o.s.web.client.RestTemplate - Reading to [java.util.Map<java.lang.String, java.lang.Object>]
2026-03-09 08:29:26.706 [tomcat-handler-27] DEBUG org.hibernate.SQL - insert into simple_frontend_projects (created_at,css,html,javascript,project_name,sf_id,updated_at,u_id) values (?,?,?,?,?,?,?,?)
2026-03-09 08:29:27.856 [tomcat-handler-29] DEBUG org.hibernate.SQL - select u1_0.u_id,u1_0.avatar,u1_0.email,u1_0.name,u1_0.password from users u1_0 where u1_0.name=?
2026-03-09 08:29:27.940 [tomcat-handler-29] DEBUG c.e.zcwl.controller.CodeController - 获取简易前端项目 sf_d4a0825e7dcb 的信息
2026-03-09 08:29:27.940 [tomcat-handler-29] DEBUG c.e.z.s.i.SimpleFrontendProjectServiceImpl - 获取简易前端项目 sf_d4a0825e7dcb 的信息
2026-03-09 08:29:27.943 [tomcat-handler-29] DEBUG org.hibernate.SQL - select sfp1_0.id,sfp1_0.created_at,sfp1_0.css,sfp1_0.html,sfp1_0.javascript,sfp1_0.project_name,sfp1_0.sf_id,sfp1_0.updated_at,sfp1_0.u_id from simple_frontend_projects sfp1_0 where sfp1_0.sf_id=?
2026-03-09 08:29:27.987 [tomcat-handler-30] DEBUG org.hibernate.SQL - select u1_0.u_id,u1_0.avatar,u1_0.email,u1_0.name,u1_0.password from users u1_0 where u1_0.name=?
2026-03-09 08:29:28.029 [tomcat-handler-30] DEBUG c.e.zcwl.controller.CodeController - 获取简易前端项目 sf_d4a0825e7dcb 的信息
2026-03-09 08:29:28.030 [tomcat-handler-30] DEBUG c.e.z.s.i.SimpleFrontendProjectServiceImpl - 获取简易前端项目 sf_d4a0825e7dcb 的信息
2026-03-09 08:29:28.030 [tomcat-handler-30] DEBUG org.hibernate.SQL - select sfp1_0.id,sfp1_0.created_at,sfp1_0.css,sfp1_0.html,sfp1_0.javascript,sfp1_0.project_name,sfp1_0.sf_id,sfp1_0.updated_at,sfp1_0.u_id from simple_frontend_projects sfp1_0 where sfp1_0.sf_id=?
2026-03-09 08:31:19.278 [tomcat-handler-35] DEBUG org.hibernate.SQL - select u1_0.u_id,u1_0.avatar,u1_0.email,u1_0.name,u1_0.password from users u1_0 where u1_0.name=?
2026-03-09 08:31:19.366 [tomcat-handler-35] DEBUG c.e.zcwl.controller.CodeController - 获取代码生成项目列表，用户ID: user123
2026-03-09 08:31:19.367 [tomcat-handler-35] DEBUG c.e.z.s.i.SimpleFrontendProjectServiceImpl - 获取简单前端代码生成项目列表，用户ID: user123
2026-03-09 08:31:19.371 [tomcat-handler-35] DEBUG org.hibernate.SQL - select sfp1_0.id,sfp1_0.created_at,sfp1_0.css,sfp1_0.html,sfp1_0.javascript,sfp1_0.project_name,sfp1_0.sf_id,sfp1_0.updated_at,sfp1_0.u_id from simple_frontend_projects sfp1_0 where sfp1_0.u_id=?
2026-03-09 08:31:19.746 [tomcat-handler-36] DEBUG org.hibernate.SQL - select u1_0.u_id,u1_0.avatar,u1_0.email,u1_0.name,u1_0.password from users u1_0 where u1_0.name=?
2026-03-09 08:31:19.793 [tomcat-handler-36] DEBUG c.e.zcwl.controller.CodeController - 获取代码生成项目列表，用户ID: user123
2026-03-09 08:31:19.794 [tomcat-handler-36] DEBUG c.e.z.s.i.SimpleFrontendProjectServiceImpl - 获取简单前端代码生成项目列表，用户ID: user123
2026-03-09 08:31:19.795 [tomcat-handler-36] DEBUG org.hibernate.SQL - select sfp1_0.id,sfp1_0.created_at,sfp1_0.css,sfp1_0.html,sfp1_0.javascript,sfp1_0.project_name,sfp1_0.sf_id,sfp1_0.updated_at,sfp1_0.u_id from simple_frontend_projects sfp1_0 where sfp1_0.u_id=?
2026-03-09 08:31:33.882 [tomcat-handler-38] DEBUG org.hibernate.SQL - select u1_0.u_id,u1_0.avatar,u1_0.email,u1_0.name,u1_0.password from users u1_0 where u1_0.name=?
2026-03-09 08:31:33.974 [tomcat-handler-38] DEBUG org.hibernate.SQL - select d1_0.d_id,d1_0.d_abstract,d1_0.qa_times,d1_0.u_id,u1_0.u_id,u1_0.avatar,u1_0.email,u1_0.name,u1_0.password from dialog d1_0 join users u1_0 on u1_0.u_id=d1_0.u_id where d1_0.d_id=?
2026-03-09 08:31:34.013 [tomcat-handler-38] INFO  c.e.z.service.impl.AiChatServiceImpl - 开始调用AI流式API，对话ID: 448, 问题: hi...
2026-03-09 08:31:34.016 [tomcat-handler-38] DEBUG org.hibernate.SQL - select qa1_0.d_id,qa1_0.times,qa1_0.ans,qa1_0.date,qa1_0.que from que_ans qa1_0 where qa1_0.d_id=?
2026-03-09 08:31:34.055 [tomcat-handler-38] DEBUG org.hibernate.SQL - select ch1_0.d_id,ch1_0.created_at,ch1_0.extracted_prompt from chat_history ch1_0 where ch1_0.d_id=?
2026-03-09 08:31:34.093 [tomcat-handler-38] DEBUG o.s.web.client.RestTemplate - HTTP POST http://localhost:8080/rag/search
2026-03-09 08:31:34.094 [tomcat-handler-38] DEBUG o.s.web.client.RestTemplate - Accept=[application/json, application/*+json]
2026-03-09 08:31:34.094 [tomcat-handler-38] DEBUG o.s.web.client.RestTemplate - Writing [{query=hi}] as "application/json"
2026-03-09 08:31:34.103 [tomcat-handler-39] INFO  c.e.zcwl.controller.RagController - 向量搜索请求，查询: hi...
2026-03-09 08:31:34.104 [tomcat-handler-39] DEBUG o.s.web.client.RestTemplate - HTTP POST https://dashscope.aliyuncs.com/compatible-mode/v1/embeddings
2026-03-09 08:31:34.105 [tomcat-handler-39] DEBUG o.s.web.client.RestTemplate - Accept=[application/json, application/*+json]
2026-03-09 08:31:34.105 [tomcat-handler-39] DEBUG o.s.web.client.RestTemplate - Writing [{input=hi, model=text-embedding-v4}] as "application/json"
2026-03-09 08:31:34.747 [tomcat-handler-39] DEBUG o.s.web.client.RestTemplate - Response 200 OK
2026-03-09 08:31:34.751 [tomcat-handler-39] DEBUG o.s.web.client.RestTemplate - Reading to [java.util.Map<java.lang.String, java.lang.Object>]
2026-03-09 08:31:34.760 [tomcat-handler-39] INFO  c.e.zcwl.service.impl.RagServiceImpl - 开始向量检索，limit: 10
2026-03-09 08:31:34.762 [tomcat-handler-39] INFO  c.e.zcwl.service.impl.RagServiceImpl - 向量字符串长度: 12739
2026-03-09 08:31:34.762 [tomcat-handler-39] INFO  c.e.zcwl.service.impl.RagServiceImpl - 向量前100字符: [0.036670364,0.011872882,0.017873155,0.031855557,0.046178397,-0.025922155,-0.039199356,-0.007945651,...
2026-03-09 08:31:34.765 [tomcat-handler-39] DEBUG org.hibernate.SQL - SELECT id, chunk, vector <=> CAST(? AS vector) AS distance FROM doc_rag ORDER BY vector <=> CAST(? AS vector) LIMIT ?
2026-03-09 08:31:34.851 [tomcat-handler-39] INFO  c.e.zcwl.service.impl.RagServiceImpl - 向量检索结果数量: 10
2026-03-09 08:31:34.852 [tomcat-handler-39] INFO  c.e.zcwl.service.impl.RagServiceImpl - 向量检索完成，返回结果数量: 10
2026-03-09 08:31:34.854 [tomcat-handler-38] DEBUG o.s.web.client.RestTemplate - Response 200 OK
2026-03-09 08:31:34.854 [tomcat-handler-38] DEBUG o.s.web.client.RestTemplate - Reading to [java.util.List<java.util.Map<java.lang.String, java.lang.Object>>]
2026-03-09 08:31:35.947 [ForkJoinPool.commonPool-worker-3] DEBUG c.e.z.service.impl.AiChatServiceImpl - 收到AI回答数据块，长度: 2
2026-03-09 08:31:35.960 [ForkJoinPool.commonPool-worker-3] DEBUG c.e.z.service.impl.AiChatServiceImpl - 收到AI回答数据块，长度: 4
2026-03-09 08:31:35.982 [ForkJoinPool.commonPool-worker-3] DEBUG c.e.z.service.impl.AiChatServiceImpl - 收到AI回答数据块，长度: 5
2026-03-09 08:31:36.004 [ForkJoinPool.commonPool-worker-3] DEBUG c.e.z.service.impl.AiChatServiceImpl - 收到AI回答数据块，长度: 4
2026-03-09 08:31:36.032 [pool-4-thread-1] INFO  c.e.z.service.impl.AiChatServiceImpl - 流式回答结束，保存完整回答到数据库，长度: 15
2026-03-09 08:31:36.074 [pool-4-thread-1] DEBUG org.hibernate.SQL - select d1_0.d_id,d1_0.d_abstract,d1_0.qa_times,d1_0.u_id from dialog d1_0 where d1_0.d_id=?
2026-03-09 08:31:36.154 [pool-4-thread-1] DEBUG org.hibernate.SQL - select qa1_0.d_id,qa1_0.times,qa1_0.ans,qa1_0.date,qa1_0.que from que_ans qa1_0 where (qa1_0.d_id,qa1_0.times) in ((?,?))
2026-03-09 08:31:36.194 [pool-4-thread-1] DEBUG org.hibernate.SQL - insert into que_ans (ans,date,que,d_id,times) values (?,?,?,?,?)
2026-03-09 08:31:36.271 [pool-4-thread-1] DEBUG org.hibernate.SQL - select d1_0.d_id,d1_0.d_abstract,d1_0.qa_times,d1_0.u_id from dialog d1_0 where d1_0.d_id=?
2026-03-09 08:31:36.309 [pool-4-thread-1] DEBUG org.hibernate.SQL - update dialog set d_abstract=?,qa_times=?,u_id=? where d_id=?
2026-03-09 08:33:23.605 [tomcat-handler-45] DEBUG org.hibernate.SQL - select u1_0.u_id,u1_0.avatar,u1_0.email,u1_0.name,u1_0.password from users u1_0 where u1_0.name=?
2026-03-09 08:33:23.675 [tomcat-handler-45] DEBUG org.hibernate.SQL - select d1_0.d_id,d1_0.d_abstract,d1_0.qa_times,d1_0.u_id,u1_0.u_id,u1_0.avatar,u1_0.email,u1_0.name,u1_0.password from dialog d1_0 join users u1_0 on u1_0.u_id=d1_0.u_id where d1_0.d_id=?
2026-03-09 08:33:23.708 [tomcat-handler-45] INFO  c.e.z.service.impl.AiChatServiceImpl - 开始调用AI流式API，对话ID: 448, 问题: js如何异步...
2026-03-09 08:33:23.709 [tomcat-handler-45] DEBUG org.hibernate.SQL - select qa1_0.d_id,qa1_0.times,qa1_0.ans,qa1_0.date,qa1_0.que from que_ans qa1_0 where qa1_0.d_id=?
2026-03-09 08:33:23.744 [tomcat-handler-45] DEBUG org.hibernate.SQL - select ch1_0.d_id,ch1_0.created_at,ch1_0.extracted_prompt from chat_history ch1_0 where ch1_0.d_id=?
2026-03-09 08:33:23.776 [tomcat-handler-45] DEBUG o.s.web.client.RestTemplate - HTTP POST http://localhost:8080/rag/search
2026-03-09 08:33:23.776 [tomcat-handler-45] DEBUG o.s.web.client.RestTemplate - Accept=[application/json, application/*+json]
2026-03-09 08:33:23.776 [tomcat-handler-45] DEBUG o.s.web.client.RestTemplate - Writing [{query=js如何异步}] as "application/json"
2026-03-09 08:33:23.784 [tomcat-handler-46] INFO  c.e.zcwl.controller.RagController - 向量搜索请求，查询: js如何异步...
2026-03-09 08:33:23.786 [tomcat-handler-46] DEBUG o.s.web.client.RestTemplate - HTTP POST https://dashscope.aliyuncs.com/compatible-mode/v1/embeddings
2026-03-09 08:33:23.786 [tomcat-handler-46] DEBUG o.s.web.client.RestTemplate - Accept=[application/json, application/*+json]
2026-03-09 08:33:23.787 [tomcat-handler-46] DEBUG o.s.web.client.RestTemplate - Writing [{input=js如何异步, model=text-embedding-v4}] as "application/json"
2026-03-09 08:33:24.137 [tomcat-handler-46] DEBUG o.s.web.client.RestTemplate - Response 200 OK
2026-03-09 08:33:24.138 [tomcat-handler-46] DEBUG o.s.web.client.RestTemplate - Reading to [java.util.Map<java.lang.String, java.lang.Object>]
2026-03-09 08:33:24.148 [tomcat-handler-46] INFO  c.e.zcwl.service.impl.RagServiceImpl - 开始向量检索，limit: 10
2026-03-09 08:33:24.152 [tomcat-handler-46] INFO  c.e.zcwl.service.impl.RagServiceImpl - 向量字符串长度: 12751
2026-03-09 08:33:24.153 [tomcat-handler-46] INFO  c.e.zcwl.service.impl.RagServiceImpl - 向量前100字符: [-0.04148922,-0.017325327,0.02108797,-0.07141869,-0.014442541,-0.092134684,0.007789959,0.08578254,-0...
2026-03-09 08:33:24.156 [tomcat-handler-46] DEBUG org.hibernate.SQL - SELECT id, chunk, vector <=> CAST(? AS vector) AS distance FROM doc_rag ORDER BY vector <=> CAST(? AS vector) LIMIT ?
2026-03-09 08:33:24.260 [tomcat-handler-46] INFO  c.e.zcwl.service.impl.RagServiceImpl - 向量检索结果数量: 10
2026-03-09 08:33:24.261 [tomcat-handler-46] INFO  c.e.zcwl.service.impl.RagServiceImpl - 向量检索完成，返回结果数量: 10
2026-03-09 08:33:24.264 [tomcat-handler-45] DEBUG o.s.web.client.RestTemplate - Response 200 OK
2026-03-09 08:33:24.265 [tomcat-handler-45] DEBUG o.s.web.client.RestTemplate - Reading to [java.util.List<java.util.Map<java.lang.String, java.lang.Object>>]
2026-03-09 08:33:25.418 [ForkJoinPool.commonPool-worker-6] DEBUG c.e.z.service.impl.AiChatServiceImpl - 收到AI回答数据块，长度: 2
2026-03-09 08:33:25.433 [ForkJoinPool.commonPool-worker-6] DEBUG c.e.z.service.impl.AiChatServiceImpl - 收到AI回答数据块，长度: 5
2026-03-09 08:33:25.453 [ForkJoinPool.commonPool-worker-6] DEBUG c.e.z.service.impl.AiChatServiceImpl - 收到AI回答数据块，长度: 4
2026-03-09 08:33:25.473 [ForkJoinPool.commonPool-worker-6] DEBUG c.e.z.service.impl.AiChatServiceImpl - 收到AI回答数据块，长度: 4
2026-03-09 08:33:25.539 [ForkJoinPool.commonPool-worker-6] DEBUG c.e.z.service.impl.AiChatServiceImpl - 收到AI回答数据块，长度: 6
2026-03-09 08:33:25.576 [ForkJoinPool.commonPool-worker-6] DEBUG c.e.z.service.impl.AiChatServiceImpl - 收到AI回答数据块，长度: 8
2026-03-09 08:33:25.578 [ForkJoinPool.commonPool-worker-6] DEBUG c.e.z.service.impl.AiChatServiceImpl - 收到AI回答数据块，长度: 3
2026-03-09 08:33:25.641 [ForkJoinPool.commonPool-worker-6] DEBUG c.e.z.service.impl.AiChatServiceImpl - 收到AI回答数据块，长度: 14
2026-03-09 08:33:25.642 [task-56] DEBUG c.e.z.service.impl.AiChatServiceImpl - 收到AI回答数据块，长度: 2
2026-03-09 08:33:25.686 [ForkJoinPool.commonPool-worker-6] DEBUG c.e.z.service.impl.AiChatServiceImpl - 收到AI回答数据块，长度: 6
2026-03-09 08:33:25.696 [ForkJoinPool.commonPool-worker-6] DEBUG c.e.z.service.impl.AiChatServiceImpl - 收到AI回答数据块，长度: 2
2026-03-09 08:33:25.702 [ForkJoinPool.commonPool-worker-6] DEBUG c.e.z.service.impl.AiChatServiceImpl - 收到AI回答数据块，长度: 6
2026-03-09 08:33:25.741 [ForkJoinPool.commonPool-worker-6] DEBUG c.e.z.service.impl.AiChatServiceImpl - 收到AI回答数据块，长度: 10
2026-03-09 08:33:25.849 [ForkJoinPool.commonPool-worker-6] DEBUG c.e.z.service.impl.AiChatServiceImpl - 收到AI回答数据块，长度: 11
2026-03-09 08:33:25.851 [ForkJoinPool.commonPool-worker-6] DEBUG c.e.z.service.impl.AiChatServiceImpl - 收到AI回答数据块，长度: 10
2026-03-09 08:33:25.865 [ForkJoinPool.commonPool-worker-6] DEBUG c.e.z.service.impl.AiChatServiceImpl - 收到AI回答数据块，长度: 5
2026-03-09 08:33:26.244 [ForkJoinPool.commonPool-worker-6] DEBUG c.e.z.service.impl.AiChatServiceImpl - 收到AI回答数据块，长度: 16
2026-03-09 08:33:26.274 [ForkJoinPool.commonPool-worker-6] DEBUG c.e.z.service.impl.AiChatServiceImpl - 收到AI回答数据块，长度: 7
2026-03-09 08:33:26.320 [ForkJoinPool.commonPool-worker-6] DEBUG c.e.z.service.impl.AiChatServiceImpl - 收到AI回答数据块，长度: 8
2026-03-09 08:33:26.349 [ForkJoinPool.commonPool-worker-6] DEBUG c.e.z.service.impl.AiChatServiceImpl - 收到AI回答数据块，长度: 8
2026-03-09 08:33:26.353 [ForkJoinPool.commonPool-worker-6] DEBUG c.e.z.service.impl.AiChatServiceImpl - 收到AI回答数据块，长度: 4
2026-03-09 08:33:26.423 [ForkJoinPool.commonPool-worker-6] DEBUG c.e.z.service.impl.AiChatServiceImpl - 收到AI回答数据块，长度: 5
2026-03-09 08:33:26.423 [task-70] DEBUG c.e.z.service.impl.AiChatServiceImpl - 收到AI回答数据块，长度: 2
2026-03-09 08:33:26.428 [ForkJoinPool.commonPool-worker-6] DEBUG c.e.z.service.impl.AiChatServiceImpl - 收到AI回答数据块，长度: 6
2026-03-09 08:33:26.472 [ForkJoinPool.commonPool-worker-6] DEBUG c.e.z.service.impl.AiChatServiceImpl - 收到AI回答数据块，长度: 12
2026-03-09 08:33:26.555 [ForkJoinPool.commonPool-worker-6] DEBUG c.e.z.service.impl.AiChatServiceImpl - 收到AI回答数据块，长度: 6
2026-03-09 08:33:26.606 [ForkJoinPool.commonPool-worker-6] DEBUG c.e.z.service.impl.AiChatServiceImpl - 收到AI回答数据块，长度: 7
2026-03-09 08:33:26.608 [ForkJoinPool.commonPool-worker-6] DEBUG c.e.z.service.impl.AiChatServiceImpl - 收到AI回答数据块，长度: 1
2026-03-09 08:33:26.677 [ForkJoinPool.commonPool-worker-6] DEBUG c.e.z.service.impl.AiChatServiceImpl - 收到AI回答数据块，长度: 10
2026-03-09 08:33:26.678 [ForkJoinPool.commonPool-worker-6] DEBUG c.e.z.service.impl.AiChatServiceImpl - 收到AI回答数据块，长度: 8
2026-03-09 08:33:26.708 [ForkJoinPool.commonPool-worker-6] DEBUG c.e.z.service.impl.AiChatServiceImpl - 收到AI回答数据块，长度: 5
2026-03-09 08:33:26.711 [ForkJoinPool.commonPool-worker-6] DEBUG c.e.z.service.impl.AiChatServiceImpl - 收到AI回答数据块，长度: 1
2026-03-09 08:33:26.780 [ForkJoinPool.commonPool-worker-6] DEBUG c.e.z.service.impl.AiChatServiceImpl - 收到AI回答数据块，长度: 5
2026-03-09 08:33:26.837 [ForkJoinPool.commonPool-worker-6] DEBUG c.e.z.service.impl.AiChatServiceImpl - 收到AI回答数据块，长度: 7
2026-03-09 08:33:26.841 [ForkJoinPool.commonPool-worker-6] DEBUG c.e.z.service.impl.AiChatServiceImpl - 收到AI回答数据块，长度: 4
2026-03-09 08:33:26.881 [ForkJoinPool.commonPool-worker-6] DEBUG c.e.z.service.impl.AiChatServiceImpl - 收到AI回答数据块，长度: 6
2026-03-09 08:33:26.963 [ForkJoinPool.commonPool-worker-6] DEBUG c.e.z.service.impl.AiChatServiceImpl - 收到AI回答数据块，长度: 24
2026-03-09 08:33:26.965 [ForkJoinPool.commonPool-worker-6] DEBUG c.e.z.service.impl.AiChatServiceImpl - 收到AI回答数据块，长度: 3
2026-03-09 08:33:27.006 [ForkJoinPool.commonPool-worker-6] DEBUG c.e.z.service.impl.AiChatServiceImpl - 收到AI回答数据块，长度: 7
2026-03-09 08:33:27.112 [ForkJoinPool.commonPool-worker-6] DEBUG c.e.z.service.impl.AiChatServiceImpl - 收到AI回答数据块，长度: 9
2026-03-09 08:33:27.114 [task-88] DEBUG c.e.z.service.impl.AiChatServiceImpl - 收到AI回答数据块，长度: 2
2026-03-09 08:33:27.188 [ForkJoinPool.commonPool-worker-6] DEBUG c.e.z.service.impl.AiChatServiceImpl - 收到AI回答数据块，长度: 15
2026-03-09 08:33:27.193 [ForkJoinPool.commonPool-worker-6] DEBUG c.e.z.service.impl.AiChatServiceImpl - 收到AI回答数据块，长度: 5
2026-03-09 08:33:27.257 [ForkJoinPool.commonPool-worker-6] DEBUG c.e.z.service.impl.AiChatServiceImpl - 收到AI回答数据块，长度: 7
2026-03-09 08:33:27.275 [ForkJoinPool.commonPool-worker-6] DEBUG c.e.z.service.impl.AiChatServiceImpl - 收到AI回答数据块，长度: 12
2026-03-09 08:33:27.319 [ForkJoinPool.commonPool-worker-6] DEBUG c.e.z.service.impl.AiChatServiceImpl - 收到AI回答数据块，长度: 4
2026-03-09 08:33:27.360 [pool-6-thread-1] INFO  c.e.z.service.impl.AiChatServiceImpl - 流式回答结束，保存完整回答到数据库，长度: 314
2026-03-09 08:33:27.395 [pool-6-thread-1] DEBUG org.hibernate.SQL - select d1_0.d_id,d1_0.d_abstract,d1_0.qa_times,d1_0.u_id from dialog d1_0 where d1_0.d_id=?
2026-03-09 08:33:27.461 [pool-6-thread-1] DEBUG org.hibernate.SQL - select qa1_0.d_id,qa1_0.times,qa1_0.ans,qa1_0.date,qa1_0.que from que_ans qa1_0 where (qa1_0.d_id,qa1_0.times) in ((?,?))
2026-03-09 08:33:27.494 [pool-6-thread-1] DEBUG org.hibernate.SQL - insert into que_ans (ans,date,que,d_id,times) values (?,?,?,?,?)
2026-03-09 08:33:27.558 [pool-6-thread-1] DEBUG org.hibernate.SQL - select d1_0.d_id,d1_0.d_abstract,d1_0.qa_times,d1_0.u_id from dialog d1_0 where d1_0.d_id=?
2026-03-09 08:33:27.589 [pool-6-thread-1] DEBUG org.hibernate.SQL - update dialog set d_abstract=?,qa_times=?,u_id=? where d_id=?
2026-03-09 09:06:30.259 [lettuce-nioEventLoop-4-2] INFO  i.l.core.protocol.CommandHandler - null Unexpected exception during request: java.net.SocketException: Connection reset
java.net.SocketException: Connection reset
	at java.base/sun.nio.ch.SocketChannelImpl.throwConnectionReset(SocketChannelImpl.java:399)
	at java.base/sun.nio.ch.SocketChannelImpl.implRead(SocketChannelImpl.java:431)
	at java.base/sun.nio.ch.SocketChannelImpl.read(SocketChannelImpl.java:489)
	at io.netty.buffer.PooledByteBuf.setBytes(PooledByteBuf.java:255)
	at io.netty.buffer.AbstractByteBuf.writeBytes(AbstractByteBuf.java:1132)
	at io.netty.channel.socket.nio.NioSocketChannel.doReadBytes(NioSocketChannel.java:356)
	at io.netty.channel.nio.AbstractNioByteChannel$NioByteUnsafe.read(AbstractNioByteChannel.java:151)
	at io.netty.channel.nio.NioEventLoop.processSelectedKey(NioEventLoop.java:796)
	at io.netty.channel.nio.NioEventLoop.processSelectedKeysOptimized(NioEventLoop.java:732)
	at io.netty.channel.nio.NioEventLoop.processSelectedKeys(NioEventLoop.java:658)
	at io.netty.channel.nio.NioEventLoop.run(NioEventLoop.java:562)
	at io.netty.util.concurrent.SingleThreadEventExecutor$4.run(SingleThreadEventExecutor.java:998)
	at io.netty.util.internal.ThreadExecutorMap$2.run(ThreadExecutorMap.java:74)
	at io.netty.util.concurrent.FastThreadLocalRunnable.run(FastThreadLocalRunnable.java:30)
	at java.base/java.lang.Thread.run(Thread.java:1474)
2026-03-09 09:06:30.997 [lettuce-eventExecutorLoop-1-3] INFO  i.l.core.protocol.ConnectionWatchdog - Reconnecting, last destination was young143.top/106.55.177.15:6379
2026-03-09 09:06:31.682 [HikariPool-1:housekeeper] WARN  com.zaxxer.hikari.pool.PoolBase - HikariPool-1 - Failed to validate connection org.postgresql.jdbc.PgConnection@58d9db08 (This connection has been closed.). Possibly consider using a shorter maxLifetime value.
2026-03-09 09:06:31.683 [HikariPool-1:housekeeper] WARN  com.zaxxer.hikari.pool.PoolBase - HikariPool-1 - Failed to validate connection org.postgresql.jdbc.PgConnection@2a522a98 (This connection has been closed.). Possibly consider using a shorter maxLifetime value.
2026-03-09 09:06:31.709 [HikariPool-1:housekeeper] WARN  com.zaxxer.hikari.pool.PoolBase - HikariPool-1 - Failed to validate connection org.postgresql.jdbc.PgConnection@50473792 (This connection has been closed.). Possibly consider using a shorter maxLifetime value.
2026-03-09 09:06:31.714 [HikariPool-1:housekeeper] WARN  com.zaxxer.hikari.pool.PoolBase - HikariPool-1 - Failed to validate connection org.postgresql.jdbc.PgConnection@19aa56e8 (This connection has been closed.). Possibly consider using a shorter maxLifetime value.
2026-03-09 09:06:31.727 [HikariPool-1:housekeeper] WARN  com.zaxxer.hikari.pool.PoolBase - HikariPool-1 - Failed to validate connection org.postgresql.jdbc.PgConnection@f3dcf4e (This connection has been closed.). Possibly consider using a shorter maxLifetime value.
2026-03-09 09:06:31.727 [HikariPool-1:housekeeper] WARN  com.zaxxer.hikari.pool.HikariPool - HikariPool-1 - Thread starvation or clock leap detected (housekeeper delta=31m28s524ms486µs400ns).
2026-03-09 09:06:36.240 [lettuce-nioEventLoop-4-3] WARN  i.l.core.protocol.ConnectionWatchdog - Cannot reconnect to [young143.top/<unresolved>:6379]: Connection initialization timed out after 5 second(s)
2026-03-09 09:06:36.565 [lettuce-eventExecutorLoop-1-5] INFO  i.l.core.protocol.ConnectionWatchdog - Reconnecting, last destination was young143.top/<unresolved>:6379
2026-03-09 09:06:36.595 [tomcat-handler-52] DEBUG org.hibernate.SQL - select u1_0.u_id,u1_0.avatar,u1_0.email,u1_0.name,u1_0.password from users u1_0 where u1_0.name=?
2026-03-09 09:06:36.718 [tomcat-handler-52] DEBUG c.e.zcwl.controller.CodeController - 获取代码生成项目列表，用户ID: user123
2026-03-09 09:06:36.718 [tomcat-handler-52] DEBUG c.e.z.s.i.SimpleFrontendProjectServiceImpl - 获取简单前端代码生成项目列表，用户ID: user123
2026-03-09 09:06:36.722 [tomcat-handler-52] DEBUG org.hibernate.SQL - select sfp1_0.id,sfp1_0.created_at,sfp1_0.css,sfp1_0.html,sfp1_0.javascript,sfp1_0.project_name,sfp1_0.sf_id,sfp1_0.updated_at,sfp1_0.u_id from simple_frontend_projects sfp1_0 where sfp1_0.u_id=?
2026-03-09 09:06:36.742 [lettuce-nioEventLoop-4-4] INFO  i.l.c.protocol.ReconnectionHandler - Reconnected to young143.top/<unresolved>:6379
2026-03-09 09:06:36.959 [tomcat-handler-53] DEBUG org.hibernate.SQL - select u1_0.u_id,u1_0.avatar,u1_0.email,u1_0.name,u1_0.password from users u1_0 where u1_0.name=?
2026-03-09 09:06:37.007 [tomcat-handler-53] DEBUG c.e.zcwl.controller.CodeController - 获取代码生成项目列表，用户ID: user123
2026-03-09 09:06:37.008 [tomcat-handler-53] DEBUG c.e.z.s.i.SimpleFrontendProjectServiceImpl - 获取简单前端代码生成项目列表，用户ID: user123
2026-03-09 09:06:37.010 [tomcat-handler-53] DEBUG org.hibernate.SQL - select sfp1_0.id,sfp1_0.created_at,sfp1_0.css,sfp1_0.html,sfp1_0.javascript,sfp1_0.project_name,sfp1_0.sf_id,sfp1_0.updated_at,sfp1_0.u_id from simple_frontend_projects sfp1_0 where sfp1_0.u_id=?
2026-03-09 09:06:46.879 [tomcat-handler-56] DEBUG org.hibernate.SQL - select u1_0.u_id,u1_0.avatar,u1_0.email,u1_0.name,u1_0.password from users u1_0 where u1_0.name=?
2026-03-09 09:06:47.297 [tomcat-handler-56] DEBUG c.e.zcwl.controller.CodeController - 获取简易前端项目 sf_a362699cc933 的信息
2026-03-09 09:06:47.297 [tomcat-handler-56] DEBUG c.e.z.s.i.SimpleFrontendProjectServiceImpl - 获取简易前端项目 sf_a362699cc933 的信息
2026-03-09 09:06:47.300 [tomcat-handler-56] DEBUG org.hibernate.SQL - select sfp1_0.id,sfp1_0.created_at,sfp1_0.css,sfp1_0.html,sfp1_0.javascript,sfp1_0.project_name,sfp1_0.sf_id,sfp1_0.updated_at,sfp1_0.u_id from simple_frontend_projects sfp1_0 where sfp1_0.sf_id=?
2026-03-09 09:06:47.370 [tomcat-handler-57] DEBUG org.hibernate.SQL - select u1_0.u_id,u1_0.avatar,u1_0.email,u1_0.name,u1_0.password from users u1_0 where u1_0.name=?
2026-03-09 09:06:47.417 [tomcat-handler-57] DEBUG c.e.zcwl.controller.CodeController - 获取简易前端项目 sf_a362699cc933 的信息
2026-03-09 09:06:47.418 [tomcat-handler-57] DEBUG c.e.z.s.i.SimpleFrontendProjectServiceImpl - 获取简易前端项目 sf_a362699cc933 的信息
2026-03-09 09:06:47.419 [tomcat-handler-57] DEBUG org.hibernate.SQL - select sfp1_0.id,sfp1_0.created_at,sfp1_0.css,sfp1_0.html,sfp1_0.javascript,sfp1_0.project_name,sfp1_0.sf_id,sfp1_0.updated_at,sfp1_0.u_id from simple_frontend_projects sfp1_0 where sfp1_0.sf_id=?
2026-03-09 09:07:03.958 [tomcat-handler-60] DEBUG org.hibernate.SQL - select u1_0.u_id,u1_0.avatar,u1_0.email,u1_0.name,u1_0.password from users u1_0 where u1_0.name=?
2026-03-09 09:07:04.050 [tomcat-handler-60] DEBUG c.e.zcwl.controller.CodeController - 获取代码生成项目列表，用户ID: user123
2026-03-09 09:07:04.051 [tomcat-handler-60] DEBUG c.e.z.s.i.SimpleFrontendProjectServiceImpl - 获取简单前端代码生成项目列表，用户ID: user123
2026-03-09 09:07:04.052 [tomcat-handler-60] DEBUG org.hibernate.SQL - select sfp1_0.id,sfp1_0.created_at,sfp1_0.css,sfp1_0.html,sfp1_0.javascript,sfp1_0.project_name,sfp1_0.sf_id,sfp1_0.updated_at,sfp1_0.u_id from simple_frontend_projects sfp1_0 where sfp1_0.u_id=?
2026-03-09 09:07:04.257 [tomcat-handler-61] DEBUG org.hibernate.SQL - select u1_0.u_id,u1_0.avatar,u1_0.email,u1_0.name,u1_0.password from users u1_0 where u1_0.name=?
2026-03-09 09:07:04.306 [tomcat-handler-61] DEBUG c.e.zcwl.controller.CodeController - 获取代码生成项目列表，用户ID: user123
2026-03-09 09:07:04.306 [tomcat-handler-61] DEBUG c.e.z.s.i.SimpleFrontendProjectServiceImpl - 获取简单前端代码生成项目列表，用户ID: user123
2026-03-09 09:07:04.307 [tomcat-handler-61] DEBUG org.hibernate.SQL - select sfp1_0.id,sfp1_0.created_at,sfp1_0.css,sfp1_0.html,sfp1_0.javascript,sfp1_0.project_name,sfp1_0.sf_id,sfp1_0.updated_at,sfp1_0.u_id from simple_frontend_projects sfp1_0 where sfp1_0.u_id=?
2026-03-09 09:07:04.985 [tomcat-handler-64] DEBUG org.hibernate.SQL - select d1_0.doc_id,d1_0.doc_name,d1_0.icon,d1_0.summary from doc d1_0
2026-03-09 09:07:05.090 [tomcat-handler-65] DEBUG org.hibernate.SQL - select d1_0.doc_id,d1_0.doc_name,d1_0.icon,d1_0.summary from doc d1_0
2026-03-09 09:07:06.384 [tomcat-handler-68] DEBUG org.hibernate.SQL - select d1_0.doc_id,d1_0.doc_name,d1_0.icon,d1_0.summary from doc d1_0 where d1_0.doc_id=?
2026-03-09 09:07:06.472 [tomcat-handler-68] DEBUG org.hibernate.SQL - select dc1_0.chapter_id,dc1_0.doc_id,dc1_0.content,dc1_0.name from doc_contents dc1_0 where dc1_0.doc_id=?
2026-03-09 09:07:06.675 [tomcat-handler-69] DEBUG org.hibernate.SQL - select d1_0.doc_id,d1_0.doc_name,d1_0.icon,d1_0.summary from doc d1_0 where d1_0.doc_id=?
2026-03-09 09:07:06.762 [tomcat-handler-69] DEBUG org.hibernate.SQL - select dc1_0.chapter_id,dc1_0.doc_id,dc1_0.content,dc1_0.name from doc_contents dc1_0 where dc1_0.doc_id=?
2026-03-09 09:07:16.268 [tomcat-handler-75] DEBUG org.hibernate.SQL - select dc1_0.chapter_id,dc1_0.doc_id,dc1_0.content,dc1_0.name from doc_contents dc1_0 where (dc1_0.chapter_id,dc1_0.doc_id) in ((?,?))
2026-03-09 09:07:16.272 [tomcat-handler-74] DEBUG org.hibernate.SQL - select d1_0.doc_id,d1_0.doc_name,d1_0.icon,d1_0.summary from doc d1_0 where d1_0.doc_id=?
2026-03-09 09:07:16.362 [tomcat-handler-74] DEBUG org.hibernate.SQL - select dc1_0.chapter_id,dc1_0.doc_id,dc1_0.content,dc1_0.name from doc_contents dc1_0 where dc1_0.doc_id=?
2026-03-09 09:07:16.372 [tomcat-handler-76] DEBUG org.hibernate.SQL - select dc1_0.chapter_id,dc1_0.doc_id,dc1_0.content,dc1_0.name from doc_contents dc1_0 where (dc1_0.chapter_id,dc1_0.doc_id) in ((?,?))
2026-03-09 09:07:16.548 [tomcat-handler-77] DEBUG org.hibernate.SQL - select d1_0.doc_id,d1_0.doc_name,d1_0.icon,d1_0.summary from doc d1_0 where d1_0.doc_id=?
2026-03-09 09:07:16.653 [tomcat-handler-77] DEBUG org.hibernate.SQL - select dc1_0.chapter_id,dc1_0.doc_id,dc1_0.content,dc1_0.name from doc_contents dc1_0 where dc1_0.doc_id=?
2026-03-09 09:07:21.864 [SpringApplicationShutdownHook] INFO  o.s.boot.tomcat.GracefulShutdown - Commencing graceful shutdown. Waiting for active requests to complete
2026-03-09 09:07:21.870 [tomcat-shutdown] INFO  o.s.boot.tomcat.GracefulShutdown - Graceful shutdown complete
2026-03-09 09:07:21.893 [SpringApplicationShutdownHook] INFO  o.s.o.j.LocalContainerEntityManagerFactoryBean - Closing JPA EntityManagerFactory for persistence unit 'default'
2026-03-09 09:07:21.895 [SpringApplicationShutdownHook] INFO  com.zaxxer.hikari.HikariDataSource - HikariPool-1 - Shutdown initiated...
2026-03-09 09:07:21.896 [SpringApplicationShutdownHook] INFO  com.zaxxer.hikari.HikariDataSource - HikariPool-1 - Shutdown completed.
